"","T_1A","T_1B","T_2A","T_2B","T_3A","T_3B"
"2021-11-26",25.2003392857143,25.2293452380952,25.0310238095238,25.0464345238095,24.6504226190476,24.6290952380952
"2021-11-27",25.439505952381,25.469869047619,25.1118511904762,25.130880952381,24.5431071428571,24.5246666666667
"2021-11-28",25.6805178571429,25.7127797619048,25.2956071428571,25.3188511904762,24.5953928571429,24.5822857142857
"2021-11-29",25.787,25.8200238095238,25.4157738095238,25.4377380952381,24.674,24.661625
"2021-11-30",25.783380952381,25.8158154761905,25.481369047619,25.5069523809524,24.6999285714286,24.6876845238095
"2021-12-01",25.7859523809524,25.8162202380952,25.4775892857143,25.5004404761905,24.723255952381,24.7066964285714
"2021-12-02",25.7098511904762,25.732744047619,25.4151785714286,25.4364404761905,24.7367559523809,24.717744047619
"2021-12-03",25.6003095238095,25.629994047619,25.3086666666667,25.3283214285714,24.7283035714286,24.709005952381
"2021-12-04",25.4963154761905,25.5219285714286,25.1552619047619,25.171,24.6777797619048,24.6567678571429
"2021-12-05",25.3737321428571,25.4019523809524,25.0021785714286,25.0118452380952,24.5348214285714,24.5119464285714
"2021-12-06",25.2914821428571,25.3181071428571,24.8763035714286,24.8853571428571,24.3827738095238,24.3613273809524
"2021-12-07",25.302375,25.328875,24.7180357142857,24.7230416666667,24.280625,24.2602023809524
"2021-12-08",25.295869047619,25.3187857142857,24.6461726190476,24.6534761904762,24.1996845238095,24.1837321428571
"2021-12-09",25.3572321428571,25.38775,24.6527797619048,24.6579166666667,24.0936130952381,24.0786785714286
"2021-12-10",25.46025,25.491994047619,24.6130297619048,24.6181726190476,24.000869047619,23.9877916666667
"2021-12-11",25.4065892857143,25.440369047619,24.5448928571429,24.5503154761905,23.9301666666667,23.9168095238095
"2021-12-12",25.2825178571429,25.3130833333333,24.4461547619048,24.454875,23.8736964285714,23.860625
"2021-12-13",25.1855535714286,25.2102202380952,24.3766607142857,24.3869880952381,23.8652023809524,23.8475476190476
"2021-12-14",24.9200952380952,24.941125,24.3691428571429,24.3845238095238,23.9245535714286,23.8987261904762
"2021-12-15",24.6965535714286,24.721,24.2566785714286,24.2708988095238,23.8746607142857,23.8522738095238
"2021-12-16",24.5927261904762,24.6186785714286,24.2340357142857,24.249,23.8528333333333,23.8290238095238
"2021-12-17",24.5171369047619,24.5357797619048,24.4257797619048,24.433494047619,23.9863928571429,23.9630238095238
"2021-12-18",24.3542321428571,24.3718214285714,24.5708154761905,24.5726428571429,24.1740119047619,24.152625
"2021-12-19",24.2245119047619,24.2363273809524,24.6942321428571,24.6957976190476,24.2457797619048,24.2272857142857
"2021-12-20",24.2290595238095,24.2484642857143,24.7988214285714,24.7955892857143,24.3561011904762,24.3340654761905
"2021-12-21",24.4198988095238,24.444369047619,24.8511309523809,24.8470416666667,24.3927857142857,24.3783333333333
"2021-12-22",24.683494047619,24.7075476190476,25.0831488095238,25.0764880952381,24.4763452380952,24.4597380952381
"2021-12-23",24.9258035714286,24.950630952381,25.2065119047619,25.2023035714286,24.5482976190476,24.535119047619
"2021-12-24",25.1385357142857,25.1658333333333,25.202494047619,25.2065595238095,24.5253928571429,24.5073154761905
"2021-12-25",25.551625,25.5789821428571,25.303880952381,25.3132797619048,24.5208869047619,24.5048333333333
"2021-12-26",25.9602678571429,25.9935952380952,25.3672261904762,25.3773154761905,24.5638154761905,24.5461607142857
"2021-12-27",26.2528988095238,26.284125,25.5358333333333,25.550875,24.6089047619048,24.5839166666667
"2021-12-28",26.5362142857143,26.5581964285714,25.7322023809524,25.7436666666667,24.734994047619,24.7086964285714
"2021-12-29",26.5886785714286,26.6185059523809,25.8086369047619,25.8215178571429,24.8825119047619,24.8450714285714
"2021-12-30",26.5905535714286,26.6157202380952,25.9325416666667,25.9442202380952,25.1043095238095,25.0697619047619
"2021-12-31",26.6420714285714,26.6777738095238,26.0599523809524,26.0688869047619,25.2295416666667,25.1967380952381
"2022-01-01",26.5856369047619,26.624244047619,26.121005952381,26.1313869047619,25.3551488095238,25.3175595238095
"2022-01-02",26.6199702380952,26.6561071428571,26.2615119047619,26.2715357142857,25.4899821428571,25.4532678571429
"2022-01-03",26.6637857142857,26.7028214285714,26.2837142857143,26.2851726190476,25.4921845238095,25.4693452380952
"2022-01-04",26.7589464285714,26.8045416666667,26.356369047619,26.3605773809524,25.6135238095238,25.5918511904762
"2022-01-05",26.9495892857143,26.9900178571429,26.5376785714286,26.5371011904762,25.8658095238095,25.8445297619048
"2022-01-06",27.0789404761905,27.1206904761905,26.6769583333333,26.6767380952381,26.1192380952381,26.0814702380952
"2022-01-07",27.1406488095238,27.1743630952381,26.783875,26.7859880952381,26.3160357142857,26.2798214285714
"2022-01-08",27.2457797619048,27.2749880952381,26.9375416666667,26.9418869047619,26.5324345238095,26.4985238095238
"2022-01-09",27.2753869047619,27.3060476190476,27.033625,27.0379464285714,26.8282857142857,26.7903988095238
"2022-01-10",27.280630952381,27.3083988095238,27.1392023809524,27.1513869047619,27.1435595238095,27.0983630952381
"2022-01-11",27.2974345238095,27.3275595238095,27.215630952381,27.2247380952381,27.3007976190476,27.2497916666667
"2022-01-12",27.2158630952381,27.2458333333333,27.1383333333333,27.1493333333333,27.3496130952381,27.2968154761905
"2022-01-13",27.0712142857143,27.0979702380952,26.9490119047619,26.9607142857143,27.2301488095238,27.1897857142857
"2022-01-14",26.9368035714286,26.9648511904762,26.8298988095238,26.8395773809524,27.0721309523809,27.0258392857143
"2022-01-15",26.8820714285714,26.9139166666667,26.7777261904762,26.7861904761905,26.8968392857143,26.8469226190476
"2022-01-16",26.9583392857143,26.9932857142857,26.8898571428571,26.8978988095238,26.7530892857143,26.7039404761905
"2022-01-17",27.1022261904762,27.1392202380952,27.0320595238095,27.0412797619048,26.7212797619048,26.673875
"2022-01-18",27.1848452380952,27.223494047619,27.1027678571429,27.11275,26.6566130952381,26.6083095238095
"2022-01-19",27.3325476190476,27.3725595238095,27.1306011904762,27.1458452380952,26.4226964285714,26.3834464285714
"2022-01-20",27.5004642857143,27.544869047619,27.2692976190476,27.2830773809524,26.4976488095238,26.4474464285714
"2022-01-21",27.6419226190476,27.687380952381,27.3584047619048,27.3729226190476,26.6466309523809,26.6007678571429
"2022-01-22",27.7297261904762,27.7738630952381,27.329130952381,27.340630952381,26.7344464285714,26.6952797619048
"2022-01-23",27.686005952381,27.7270535714286,27.2294821428571,27.2422916666667,26.7063869047619,26.6696845238095
"2022-01-24",27.5839166666667,27.6207380952381,27.0484464285714,27.059494047619,26.6622797619048,26.6308273809524
"2022-01-25",27.4893273809524,27.5202321428571,26.8903869047619,26.8980714285714,26.5165773809524,26.4909583333333
"2022-01-26",27.4286369047619,27.4557083333333,26.8232916666667,26.8292023809524,26.5041369047619,26.4802916666667
"2022-01-27",27.4017797619048,27.4274166666667,26.6607738095238,26.6684107142857,26.2400833333333,26.2273392857143
"2022-01-28",27.4291428571429,27.4521666666667,26.6205476190476,26.629619047619,25.8607261904762,25.8490238095238
"2022-01-29",27.4549523809524,27.477994047619,26.7155059523809,26.7273273809524,25.7870476190476,25.7699821428571
"2022-01-30",27.4412738095238,27.4651785714286,26.744869047619,26.7557976190476,25.8840357142857,25.8668035714286
"2022-01-31",27.4450892857143,27.4710357142857,26.7925416666667,26.8046666666667,25.8979404761905,25.8807202380952
"2022-02-01",27.4505952380952,27.4791726190476,26.8966964285714,26.9140892857143,26.0421845238095,26.0253630952381
"2022-02-02",27.344494047619,27.3736428571429,26.9821607142857,27.0005892857143,26.2564523809524,26.2394345238095
"2022-02-03",27.1876785714286,27.2172083333333,27.1087678571429,27.1280773809524,26.4694047619048,26.4516488095238
"2022-02-04",27.0487797619048,27.078869047619,27.0935357142857,27.112244047619,26.8113928571429,26.7922857142857
"2022-02-05",26.8793273809524,26.9096785714286,26.9857738095238,27.003875,26.8709107142857,26.8487321428571
"2022-02-06",26.7873511904762,26.8169761904762,26.8916904761905,26.9105178571429,26.7985357142857,26.7754880952381
"2022-02-07",26.7642440476191,26.7934285714286,26.8378809523809,26.85825,26.7449345238095,26.7221666666667
"2022-02-08",26.7332857142857,26.7604226190476,26.7697738095238,26.7889583333333,26.6758095238095,26.6504464285714
"2022-02-09",26.7378928571429,26.7648869047619,26.7081904761905,26.7268035714286,26.6340714285714,26.6075654761905
"2022-02-10",26.6894047619048,26.7181071428571,26.5799047619048,26.5999583333333,26.5504464285714,26.51525
"2022-02-11",26.7307380952381,26.7603095238095,26.5348095238095,26.5522678571429,26.4226726190476,26.3859404761905
"2022-02-12",26.81175,26.8378333333333,26.5555535714286,26.5731666666667,26.3085654761905,26.2789583333333
"2022-02-13",26.9134166666667,26.9399583333333,26.5882380952381,26.6035119047619,26.2286369047619,26.1991964285714
"2022-02-14",26.9230357142857,26.9517797619048,26.6349226190476,26.6492083333333,26.0533571428571,26.0220476190476
"2022-02-15",26.9311904761905,26.9618214285714,26.7053928571429,26.7211130952381,26.019005952381,25.9904702380952
"2022-02-16",26.9671726190476,26.9977916666667,26.7475535714286,26.7642797619048,25.9859642857143,25.9537857142857
"2022-02-17",27.0858214285714,27.1153571428571,26.870630952381,26.8865119047619,26.0578333333333,26.0344880952381
"2022-02-18",27.077255952381,27.1054880952381,26.8935654761905,26.912625,26.213130952381,26.1913452380952
"2022-02-19",27.1046369047619,27.135375,26.9193154761905,26.9370654761905,26.3574166666667,26.329244047619
"2022-02-20",27.0551607142857,27.0871785714286,26.9044642857143,26.9233869047619,26.4241488095238,26.3936369047619
"2022-02-21",27.0518630952381,27.0829464285714,26.8802976190476,26.8982023809524,26.5998452380952,26.566875
"2022-02-22",27.1147916666667,27.1454523809524,26.9155654761905,26.9334880952381,26.6587916666667,26.6255297619048
"2022-02-23",27.1199166666667,27.1507797619048,26.8982321428571,26.9108154761905,26.7148392857143,26.6859523809524
"2022-02-24",27.1439642857143,27.1730714285714,26.944505952381,26.957125,26.7747083333333,26.7450714285714
"2022-02-25",27.1770833333333,27.2074880952381,26.9961904761905,27.0088154761905,26.7946309523809,26.766875
"2022-02-26",27.2037619047619,27.2346011904762,27.0224880952381,27.0390238095238,26.804744047619,26.7829047619048
"2022-02-27",27.2894047619048,27.3189821428571,27.1553273809524,27.1739464285714,26.8985178571429,26.8775297619048
"2022-02-28",27.3607976190476,27.3896726190476,27.2096964285714,27.2291726190476,26.9029642857143,26.8838392857143
"2022-03-01",27.4091666666667,27.4377738095238,27.2854226190476,27.3044821428571,26.9951428571429,26.9741011904762
"2022-03-02",27.522505952381,27.5522321428571,27.3976369047619,27.4204464285714,27.0785892857143,27.0525297619048
"2022-03-03",27.5965,27.6266607142857,27.4457619047619,27.4640238095238,27.1292797619048,27.1030892857143
"2022-03-04",27.5513095238095,27.5807321428571,27.4627797619048,27.4791488095238,27.155130952381,27.1199166666667
"2022-03-05",27.4618392857143,27.4900595238095,27.4420178571429,27.452875,27.0781369047619,27.0432321428571
"2022-03-06",27.3543214285714,27.3829166666667,27.2920833333333,27.3026130952381,26.9829702380952,26.9494107142857
"2022-03-07",27.3182619047619,27.3464285714286,27.2190773809524,27.2273035714286,26.8342202380952,26.8005476190476
"2022-03-08",27.2660773809524,27.294244047619,27.0825833333333,27.089755952381,26.6054047619048,26.5739583333333
"2022-03-09",27.1136428571429,27.1398988095238,26.9087142857143,26.9170416666667,26.4437797619048,26.4166428571429
"2022-03-10",26.9079285714286,26.933744047619,26.6990297619048,26.7129702380952,26.1897738095238,26.157755952381
"2022-03-11",26.7449107142857,26.7648988095238,26.5334285714286,26.5470773809524,25.9601726190476,25.9325952380952
"2022-03-12",26.5724107142857,26.5912261904762,26.391875,26.4120654761905,25.878125,25.8457797619048
"2022-03-13",26.3325952380952,26.3513869047619,26.3110416666667,26.3274285714286,25.8145773809524,25.7802023809524
"2022-03-14",25.9401666666667,25.9606369047619,26.0653154761905,26.0828214285714,25.7512380952381,25.7188630952381
"2022-03-15",25.8445833333333,25.8660476190476,25.9452857142857,25.9625238095238,25.6342916666667,25.5961726190476
"2022-03-16",25.8935238095238,25.9170595238095,26.0173630952381,26.034005952381,25.5210416666667,25.4816130952381
"2022-03-17",26.0976666666667,26.1215238095238,26.172119047619,26.1854880952381,25.5944880952381,25.5599523809524
"2022-03-18",26.287125,26.3189107142857,26.3506011904762,26.3634107142857,25.7419821428571,25.7033214285714
"2022-03-19",26.4484642857143,26.4759345238095,26.474619047619,26.4814047619048,25.8264404761905,25.7844523809524
"2022-03-20",26.5550714285714,26.5786785714286,26.5260119047619,26.537625,25.932125,25.8920119047619
"2022-03-21",26.7944107142857,26.8184107142857,26.6706607142857,26.681,26.0163452380952,25.9809047619048
"2022-03-22",26.7699166666667,26.7899880952381,26.7968154761905,26.8078988095238,26.2080416666667,26.1760595238095
"2022-03-23",26.6561607142857,26.6619464285714,26.7441488095238,26.7558273809524,26.3835952380952,26.357380952381
"2022-03-24",26.4893988095238,26.4957261904762,26.5651666666667,26.572744047619,26.1615178571429,26.1305595238095
"2022-03-25",26.5000892857143,26.5040297619048,26.4743928571429,26.4779107142857,25.7734464285714,25.7486547619048
"2022-03-26",26.6307857142857,26.6425773809524,26.5197023809524,26.5229761904762,25.7183154761905,25.6969642857143
"2022-03-27",26.8698035714286,26.8847976190476,26.5807202380952,26.5800833333333,25.6615654761905,25.6390714285714
"2022-03-28",27.0493571428571,27.0644821428571,26.764630952381,26.7667678571429,25.684244047619,25.6546369047619
"2022-03-29",27.0847261904762,27.1013035714286,26.7802380952381,26.7826607142857,25.6959464285714,25.6667380952381
"2022-03-30",27.0615357142857,27.0920773809524,26.8957738095238,26.8977916666667,25.5733630952381,25.5392738095238
"2022-03-31",27.0111369047619,27.0429761904762,26.9527976190476,26.9584880952381,25.6211071428571,25.5894821428571
"2022-04-01",26.9309702380952,26.9568511904762,26.948119047619,26.9572797619048,25.8268869047619,25.7959404761905
"2022-04-02",26.7280773809524,26.7539285714286,26.6887261904762,26.6980476190476,25.7585357142857,25.7244642857143
"2022-04-03",26.6259880952381,26.6506428571429,26.5417083333333,26.5496904761905,25.6178214285714,25.5879345238095
"2022-04-04",26.5287738095238,26.547,26.2980535714286,26.3075654761905,25.4749226190476,25.4470714285714
"2022-04-05",26.4991904761905,26.5174047619048,26.0769285714286,26.0832083333333,25.3359404761905,25.3081130952381
"2022-04-06",26.6744642857143,26.692369047619,25.9034880952381,25.9131964285714,25.1403392857143,25.1155476190476
"2022-04-07",26.8580297619048,26.8756547619048,25.9040476190476,25.9162202380952,25.0655059523809,25.0436011904762
"2022-04-08",26.8799821428571,26.9042738095238,25.7729464285714,25.7872916666667,25.0988928571429,25.0761071428571
"2022-04-09",26.9807797619048,27.0028988095238,25.865619047619,25.8763928571429,24.9643630952381,24.9470833333333
"2022-04-10",26.9803154761905,27.0047619047619,25.8995654761905,25.911494047619,24.8769345238095,24.8572142857143
"2022-04-11",26.9460357142857,26.9747083333333,25.9848452380952,25.9934583333333,24.9165535714286,24.8977023809524
"2022-04-12",26.966880952381,26.9975952380952,26.0030952380952,26.0090952380952,24.9490595238095,24.9338095238095
"2022-04-13",26.84275,26.871875,25.9950535714286,25.9970357142857,25.1999107142857,25.1792678571429
"2022-04-14",26.7777619047619,26.8073392857143,26.026255952381,26.0260654761905,25.4663869047619,25.4410773809524
"2022-04-15",26.6570952380952,26.686244047619,26.0774761904762,26.0705119047619,25.5110773809524,25.4774761904762
"2022-04-16",26.669369047619,26.7021488095238,26.121255952381,26.1132202380952,25.6492916666667,25.6120357142857
"2022-04-17",26.7780297619048,26.8090654761905,26.216380952381,26.2097916666667,25.7405297619048,25.6964821428571
"2022-04-18",26.8972738095238,26.9292023809524,26.2834285714286,26.2762619047619,25.8923273809524,25.8441845238095
"2022-04-19",26.9968392857143,27.0255833333333,26.4631726190476,26.455,25.9529821428571,25.901369047619
"2022-04-20",27.143875,27.1736607142857,26.6173452380952,26.608,25.8511130952381,25.7941666666667
"2022-04-21",27.2158571428571,27.244625,26.801875,26.7964821428571,25.9478571428571,25.8931904761905
"2022-04-22",27.4040952380952,27.43375,26.9836785714286,26.985630952381,26.2115,26.1668333333333
"2022-04-23",27.4689880952381,27.496630952381,27.1230595238095,27.1336011904762,26.373255952381,26.329125
"2022-04-24",27.4506964285714,27.4795357142857,27.1836547619048,27.1945416666667,26.6255595238095,26.5789761904762
"2022-04-25",27.3711369047619,27.4013988095238,27.2144642857143,27.2287202380952,26.7161666666667,26.6666428571429
"2022-04-26",27.2392023809524,27.272494047619,27.154119047619,27.175630952381,26.8428035714286,26.7886130952381
"2022-04-27",27.1185654761905,27.1515476190476,27.0736130952381,27.0975833333333,26.9705416666667,26.9287857142857
"2022-04-28",26.9793452380952,27.0141964285714,26.9253630952381,26.945369047619,26.8794464285714,26.8377142857143
"2022-04-29",26.8894523809524,26.9238511904762,26.8007380952381,26.8200119047619,26.6379345238095,26.5947916666667
"2022-04-30",26.8294761904762,26.8635595238095,26.7539226190476,26.7691369047619,26.4678214285714,26.4273511904762
"2022-05-01",26.7839702380952,26.817755952381,26.7766904761905,26.79175,26.3701845238095,26.3366011904762
"2022-05-02",26.7345773809524,26.770244047619,26.8037916666667,26.8183928571429,26.374869047619,26.3440892857143
"2022-05-03",26.7459285714286,26.7811785714286,26.87575,26.89125,26.3885654761905,26.3608035714286
"2022-05-04",26.7498452380952,26.786119047619,26.9228154761905,26.9390416666667,26.4677916666667,26.4349523809524
"2022-05-05",26.8067976190476,26.8423392857143,26.9370714285714,26.956630952381,26.565244047619,26.5338511904762
"2022-05-06",26.7642261904762,26.7990357142857,26.9270654761905,26.947494047619,26.7091666666667,26.6787619047619
"2022-05-07",26.664630952381,26.700130952381,26.827869047619,26.851755952381,26.776375,26.7402916666667
"2022-05-08",26.5886666666667,26.6242678571429,26.7037976190476,26.7282261904762,26.711255952381,26.6728571428571
"2022-05-09",26.5818630952381,26.6151488095238,26.5998988095238,26.6234523809524,26.5848154761905,26.5478630952381
"2022-05-10",26.5426130952381,26.5758809523809,26.4889761904762,26.5120535714286,26.4531607142857,26.4171130952381
"2022-05-11",26.4924523809524,26.5257023809524,26.3958869047619,26.419244047619,26.2561488095238,26.2156488095238
"2022-05-12",26.3871726190476,26.4198333333333,26.309130952381,26.330755952381,26.0529464285714,26.0087440476191
"2022-05-13",26.3398273809524,26.3724880952381,26.263375,26.2842678571429,25.8107976190476,25.7607202380952
"2022-05-14",26.3169821428571,26.3489583333333,26.2375416666667,26.2553928571429,25.6934583333333,25.6489047619048
"2022-05-15",26.2687380952381,26.2991369047619,26.1479642857143,26.1653988095238,25.6166964285714,25.5746428571429
"2022-05-16",26.1709166666667,26.2010119047619,26.0526785714286,26.0647619047619,25.5026071428571,25.4592857142857
"2022-05-17",26.0322916666667,26.0645238095238,25.964755952381,25.9741071428571,25.3758095238095,25.3319345238095
"2022-05-18",25.9292142857143,25.9622916666667,25.8672380952381,25.86675,25.2379702380952,25.2004702380952
"2022-05-19",25.8481011904762,25.8804464285714,25.7666904761905,25.763869047619,25.2066130952381,25.1752916666667
"2022-05-20",25.7346488095238,25.7671071428571,25.6739404761905,25.6728571428571,25.1775892857143,25.1520535714286
"2022-05-21",25.6166964285714,25.6481011904762,25.5696904761905,25.5730833333333,25.1820595238095,25.1562261904762
"2022-05-22",25.4826607142857,25.5159107142857,25.4652916666667,25.4668035714286,25.144880952381,25.1165952380952
"2022-05-23",25.4301547619048,25.4639583333333,25.3608214285714,25.3679404761905,25.0576785714286,25.0304226190476
"2022-05-24",25.5000892857143,25.5319047619048,25.3564166666667,25.3652380952381,24.9968869047619,24.9732440476191
"2022-05-25",25.5301726190476,25.5606845238095,25.409494047619,25.4277321428571,25.0611666666667,25.0369345238095
"2022-05-26",25.5623988095238,25.5927857142857,25.4524702380952,25.4733154761905,25.082125,25.0567619047619
"2022-05-27",25.5977619047619,25.6270119047619,25.4671547619048,25.4874166666667,25.130755952381,25.1056607142857
"2022-05-28",25.6149166666667,25.6459107142857,25.4420476190476,25.4602738095238,25.1147261904762,25.0879285714286
"2022-05-29",25.6563511904762,25.6869047619048,25.4540595238095,25.4748511904762,24.9924464285714,24.9702678571429
"2022-05-30",25.6691726190476,25.6990119047619,25.5394880952381,25.5612023809524,24.9714880952381,24.9517619047619
"2022-05-31",25.6230476190476,25.652994047619,25.537875,25.5604642857143,25.0960654761905,25.0758988095238
"2022-06-01",25.5865595238095,25.6166607142857,25.4660297619048,25.4894583333333,25.1129761904762,25.0902023809524
"2022-06-02",25.5510119047619,25.5819464285714,25.4252916666667,25.4492797619048,25.0571369047619,25.0311964285714
"2022-06-03",25.5339583333333,25.5661845238095,25.3657023809524,25.3905654761905,25.0174166666667,24.9911964285714
"2022-06-04",25.5112619047619,25.5426369047619,25.3670595238095,25.3908988095238,24.9251785714286,24.9017023809524
"2022-06-05",25.4595416666667,25.4902023809524,25.3704642857143,25.3938988095238,25.0141547619048,24.9905297619048
"2022-06-06",25.4160595238095,25.4464107142857,25.3180416666667,25.3398333333333,25.0552023809524,25.0327083333333
"2022-06-07",25.3940773809524,25.4242738095238,25.2781607142857,25.2995535714286,24.9236726190476,24.9016071428571
"2022-06-08",25.3646011904762,25.3942142857143,25.2765238095238,25.2972083333333,24.8546607142857,24.8367976190476
"2022-06-09",25.3278988095238,25.3570535714286,25.2568571428571,25.2774166666667,24.884619047619,24.8690357142857
"2022-06-10",25.2887797619048,25.3173630952381,25.2595297619048,25.2789404761905,24.8926964285714,24.8769642857143
"2022-06-11",25.2788452380952,25.3075178571429,25.2511428571429,25.2715892857143,24.9591785714286,24.9425892857143
"2022-06-12",25.24125,25.2702142857143,25.265125,25.285255952381,24.9844285714286,24.9649404761905
"2022-06-13",25.1729702380952,25.201494047619,25.256744047619,25.2771785714286,25.0286666666667,25.0081666666667
"2022-06-14",25.0805773809524,25.1089702380952,25.1953511904762,25.2160238095238,25.0878630952381,25.0663511904762
"2022-06-15",25.0214464285714,25.0493988095238,25.1159226190476,25.1365714285714,25.0833630952381,25.0614166666667
"2022-06-16",24.9872619047619,25.0155178571429,25.055505952381,25.0770297619048,25.0137321428571,24.9933928571429
"2022-06-17",24.9722738095238,25.000375,25.0096904761905,25.0312083333333,24.9494285714286,24.9303869047619
"2022-06-18",24.9545416666667,24.9821011904762,24.949875,24.9719464285714,24.8964464285714,24.8798452380952
"2022-06-19",24.9748333333333,25.0023928571429,24.899130952381,24.9223452380952,24.7938571428571,24.7811845238095
"2022-06-20",25.0086428571429,25.036375,24.8567738095238,24.8799821428571,24.75075,24.7383869047619
"2022-06-21",25.0244702380952,25.0527559523809,24.8481011904762,24.8727738095238,24.7199107142857,24.7094345238095
"2022-06-22",24.9583095238095,24.987869047619,24.8091011904762,24.833494047619,24.7211785714286,24.7107023809524
"2022-06-23",24.8945059523809,24.923375,24.7488452380952,24.7730654761905,24.6626428571429,24.6511726190476
"2022-06-24",24.8230714285714,24.8526666666667,24.6893035714286,24.7127797619048,24.6143511904762,24.6030238095238
"2022-06-25",24.7427023809524,24.7719821428571,24.6323452380952,24.655375,24.5762857142857,24.5653869047619
"2022-06-26",24.6590476190476,24.6880238095238,24.5522023809524,24.574505952381,24.5105833333333,24.4979464285714
"2022-06-27",24.590380952381,24.6193095238095,24.493625,24.5167738095238,24.4008035714286,24.3880357142857
"2022-06-28",24.5396845238095,24.5680535714286,24.4382142857143,24.4605178571429,24.2842797619048,24.270375
"2022-06-29",24.5360178571429,24.563505952381,24.4133452380952,24.4364821428571,24.1840297619048,24.1705535714286
"2022-06-30",24.5108928571429,24.5382083333333,24.402994047619,24.4258214285714,24.1372380952381,24.1231785714286
"2022-07-01",24.4812619047619,24.507130952381,24.3790238095238,24.4029880952381,24.072505952381,24.0584523809524
"2022-07-02",24.4413154761905,24.4671726190476,24.3476071428571,24.3714226190476,24.022125,24.0067797619048
"2022-07-03",24.4053988095238,24.4312321428571,24.3180535714286,24.3424523809524,23.9902559523809,23.9762202380952
"2022-07-04",24.3477976190476,24.3733571428571,24.254994047619,24.2786904761905,23.9396904761905,23.925369047619
"2022-07-05",24.2938154761905,24.3187976190476,24.2100833333333,24.2338928571429,23.8856964285714,23.8709464285714
"2022-07-06",24.2388154761905,24.2636785714286,24.1624404761905,24.1849583333333,23.8574583333333,23.8427202380952
"2022-07-07",24.1947083333333,24.2199702380952,24.1206607142857,24.1431726190476,23.8225833333333,23.8069880952381
"2022-07-08",24.1501071428571,24.175619047619,24.1018214285714,24.1242023809524,23.8036369047619,23.7883214285714
"2022-07-09",24.1007678571429,24.125994047619,24.0802619047619,24.1030714285714,23.7983452380952,23.7833154761905
"2022-07-10",24.0414166666667,24.0669285714286,24.0551547619048,24.0772380952381,23.8140178571429,23.799255952381
"2022-07-11",23.9853511904762,24.0110178571429,24.0355535714286,24.0577738095238,23.8201607142857,23.8053988095238
"2022-07-12",23.935755952381,23.9615357142857,24.0015535714286,24.0236071428571,23.8191547619048,23.8053869047619
"2022-07-13",23.8916130952381,23.9172261904762,23.9695357142857,23.9922976190476,23.7682380952381,23.753875
"2022-07-14",23.8428988095238,23.8682261904762,23.9256785714286,23.9481547619048,23.7008035714286,23.6877261904762
"2022-07-15",23.8043273809524,23.829369047619,23.8778214285714,23.9002738095238,23.6362380952381,23.622880952381
"2022-07-16",23.7796666666667,23.8044107142857,23.83725,23.8592738095238,23.570380952381,23.5571666666667
"2022-07-17",23.7527202380952,23.7773333333333,23.804125,23.8264285714286,23.5201309523809,23.5066488095238
"2022-07-18",23.7441309523809,23.7694285714286,23.7874583333333,23.8101785714286,23.4955535714286,23.4830654761905
"2022-07-19",23.7258392857143,23.7511428571429,23.7755714285714,23.7981428571429,23.4868452380952,23.474505952381
"2022-07-20",23.700380952381,23.726125,23.7612857142857,23.7831428571429,23.5138630952381,23.5014047619048
"2022-07-21",23.6733452380952,23.699380952381,23.7538571428571,23.7761428571429,23.560125,23.5481071428571
"2022-07-22",23.6359880952381,23.662744047619,23.752,23.7742857142857,23.5965238095238,23.5849404761905
"2022-07-23",23.6063630952381,23.6344345238095,23.7537142857143,23.7762857142857,23.6209880952381,23.6089821428571
"2022-07-24",23.5936130952381,23.6219880952381,23.7515714285714,23.7738571428571,23.61425,23.6022380952381
"2022-07-25",23.5771666666667,23.6053988095238,23.7392857142857,23.7611428571429,23.6158035714286,23.6036547619048
"2022-07-26",23.5672797619048,23.5953630952381,23.7238571428571,23.7454285714286,23.628375,23.6165119047619
"2022-07-27",23.5655833333333,23.593375,23.7104285714286,23.7331428571429,23.6267976190476,23.6157916666667
"2022-07-28",23.5655952380952,23.5923809523809,23.689119047619,23.711130952381,23.5967619047619,23.5854702380952
"2022-07-29",23.5683333333333,23.5945416666667,23.6510476190476,23.6728095238095,23.5607619047619,23.5494702380952
"2022-07-30",23.5485714285714,23.5742023809524,23.6058154761905,23.6283214285714,23.5161964285714,23.5043333333333
"2022-07-31",23.538875,23.5637678571429,23.5680357142857,23.5908452380952,23.4908214285714,23.4783869047619
"2022-08-01",23.5413214285714,23.5656428571429,23.5437321428571,23.566119047619,23.482244047619,23.4697916666667
"2022-08-02",23.5476428571429,23.5715357142857,23.5317142857143,23.5538154761905,23.4631904761905,23.4503035714286
"2022-08-03",23.560369047619,23.5839702380952,23.528,23.5486726190476,23.4480178571429,23.434130952381
"2022-08-04",23.5718214285714,23.5958511904762,23.5238333333333,23.5449345238095,23.4014880952381,23.3884583333333
"2022-08-05",23.5666785714286,23.5908869047619,23.5185357142857,23.5397678571429,23.3420595238095,23.3290297619048
"2022-08-06",23.5814761904762,23.6055357142857,23.5198035714286,23.5400535714286,23.321625,23.3090238095238
"2022-08-07",23.5763035714286,23.600380952381,23.5222202380952,23.5423511904762,23.2987380952381,23.2864285714286
"2022-08-08",23.5603988095238,23.5842023809524,23.522375,23.5429345238095,23.257625,23.2454761904762
"2022-08-09",23.5377797619048,23.5623035714286,23.5171071428571,23.5382380952381,23.2445773809524,23.2304226190476
"2022-08-10",23.4922321428571,23.5170714285714,23.5039404761905,23.5257857142857,23.237869047619,23.2244107142857
"2022-08-11",23.4519702380952,23.4778333333333,23.5049761904762,23.5269523809524,23.2822261904762,23.2680238095238
"2022-08-12",23.4395952380952,23.4660297619048,23.5151547619048,23.5372857142857,23.3569047619048,23.3428333333333
"2022-08-13",23.4224702380952,23.4497797619048,23.5165,23.5388869047619,23.3895238095238,23.3755654761905
"2022-08-14",23.4194226190476,23.4470416666667,23.5050416666667,23.5278511904762,23.428880952381,23.4149226190476
"2022-08-15",23.416119047619,23.4441607142857,23.4848154761905,23.5092202380952,23.4421845238095,23.4272142857143
"2022-08-16",23.4248571428571,23.4524821428571,23.4391547619048,23.463994047619,23.415,23.4013273809524
"2022-08-17",23.4456607142857,23.4732857142857,23.4172321428571,23.4417797619048,23.3671726190476,23.3520892857143
"2022-08-18",23.4598452380952,23.4870595238095,23.3861428571429,23.4096904761905,23.285125,23.2703571428571
"2022-08-19",23.4687976190476,23.4959761904762,23.3837142857143,23.4069464285714,23.1983035714286,23.1832619047619
"2022-08-20",23.4795714285714,23.50575,23.389875,23.4128035714286,23.1277142857143,23.1132738095238
"2022-08-21",23.4628214285714,23.4883869047619,23.3993452380952,23.4219642857143,23.0910714285714,23.0767738095238
"2022-08-22",23.446744047619,23.4720178571429,23.3981488095238,23.4188869047619,23.1036309523809,23.0897678571429
"2022-08-23",23.4287797619048,23.4549047619048,23.4231071428571,23.4435535714286,23.1288214285714,23.1150892857143
"2022-08-24",23.4108333333333,23.4365119047619,23.4319285714286,23.4528333333333,23.1652619047619,23.152380952381
"2022-08-25",23.4093988095238,23.4340476190476,23.4393392857143,23.461119047619,23.2339583333333,23.2206488095238
"2022-08-26",23.3955833333333,23.4195178571429,23.4028571428571,23.4242202380952,23.303125,23.2892380952381
"2022-08-27",23.368380952381,23.3925654761905,23.3333511904762,23.3545654761905,23.3716785714286,23.3575
"2022-08-28",23.3689523809524,23.3932738095238,23.2895892857143,23.3107916666667,23.3691071428571,23.3556428571429
"2022-08-29",23.374380952381,23.3988571428571,23.2885952380952,23.310369047619,23.3471011904762,23.3339285714286
"2022-08-30",23.3722261904762,23.3958333333333,23.2841785714286,23.3055476190476,23.3043392857143,23.2914642857143
"2022-08-31",23.3697738095238,23.3930833333333,23.2601607142857,23.2816488095238,23.2703273809524,23.2583154761905
"2022-09-01",23.3585714285714,23.381869047619,23.255994047619,23.276755952381,23.2428928571429,23.2315952380952
"2022-09-02",23.3572857142857,23.3805833333333,23.2576666666667,23.2788392857143,23.2267261904762,23.2158630952381
"2022-09-03",23.3675714285714,23.3905833333333,23.2870595238095,23.3086666666667,23.1974285714286,23.1861428571429
"2022-09-04",23.3728571428571,23.395869047619,23.3128869047619,23.3347797619048,23.1937142857143,23.182
"2022-09-05",23.3661547619048,23.3894464285714,23.31975,23.3406666666667,23.1842857142857,23.1728571428571
"2022-09-06",23.3536011904762,23.3770357142857,23.3282083333333,23.3485476190476,23.2102857142857,23.199
"2022-09-07",23.3570297619048,23.3809166666667,23.3558214285714,23.3763273809524,23.2305714285714,23.2192857142857
"2022-09-08",23.3686547619048,23.392994047619,23.3673095238095,23.3883928571429,23.2551428571429,23.2434285714286
"2022-09-09",23.382130952381,23.406494047619,23.3909345238095,23.41175,23.2671428571429,23.2557142857143
"2022-09-10",23.4076607142857,23.4318928571429,23.4369285714286,23.4566011904762,23.2507142857143,23.239
"2022-09-11",23.4420773809524,23.4664642857143,23.4724761904762,23.4921488095238,23.2395714285714,23.2281488095238
"2022-09-12",23.4769226190476,23.500875,23.4932916666667,23.5137976190476,23.2347142857143,23.2215773809524
"2022-09-13",23.5156190476191,23.5395714285714,23.5095,23.5314226190476,23.2469226190476,23.2327678571429
"2022-09-14",23.5443333333333,23.5685476190476,23.522869047619,23.544494047619,23.2566369047619,23.2424821428571
"2022-09-15",23.5544226190476,23.5790416666667,23.530494047619,23.5519761904762,23.2489226190476,23.2344821428571
"2022-09-16",23.5659464285714,23.5905416666667,23.5518511904762,23.5733333333333,23.2402083333333,23.2257678571429
"2022-09-17",23.5659702380952,23.591,23.5415297619048,23.5641904761905,23.2723511904762,23.2587678571429
"2022-09-18",23.5593928571429,23.5845654761905,23.5502619047619,23.5725,23.3152083333333,23.3013333333333
"2022-09-19",23.5530654761905,23.578244047619,23.5661428571429,23.5878095238095,23.3320714285714,23.3183333333333
"2022-09-20",23.5430297619048,23.5686369047619,23.5765714285714,23.597375,23.3417797619048,23.329625
"2022-09-21",23.5344107142857,23.5601785714286,23.596005952381,23.6166547619048,23.3577261904762,23.3452738095238
"2022-09-22",23.5239226190476,23.5488333333333,23.6117380952381,23.6329523809524,23.3915595238095,23.3793928571429
"2022-09-23",23.5011130952381,23.5263273809524,23.5919226190476,23.6137202380952,23.4196547619048,23.4063214285714
"2022-09-24",23.4715773809524,23.4964880952381,23.5799880952381,23.6017678571429,23.4351071428571,23.421625
"2022-09-25",23.4456130952381,23.4707976190476,23.5460416666667,23.5686785714286,23.4351071428571,23.4217678571429
"2022-09-26",23.4162261904762,23.4419821428571,23.5022083333333,23.5248511904762,23.437244047619,23.4247678571429
"2022-09-27",23.3949761904762,23.4204523809524,23.4662321428571,23.488880952381,23.4170416666667,23.4034285714286
"2022-09-28",23.3681666666667,23.3930654761905,23.4148154761905,23.4374702380952,23.4081547619048,23.3938392857143
"2022-09-29",23.3437976190476,23.3694107142857,23.3691130952381,23.3910476190476,23.3905119047619,23.3761726190476
"2022-09-30",23.3391785714286,23.3647738095238,23.3389464285714,23.3607083333333,23.3647023809524,23.3515297619048
"2022-10-01",23.3572023809524,23.3832380952381,23.3153511904762,23.3365238095238,23.3368214285714,23.323369047619
"2022-10-02",23.373125,23.3990297619048,23.3196607142857,23.3399702380952,23.3008214285714,23.2873690476191
"2022-10-03",23.3800238095238,23.4052202380952,23.3297142857143,23.3504404761905,23.2841071428571,23.2713690476191
"2022-10-04",23.401375,23.425875,23.3412202380952,23.3613630952381,23.2671071428571,23.2547976190476
"2022-10-05",23.3935416666667,23.4174583333333,23.3675952380952,23.3878928571429,23.2560535714286,23.2450297619048
"2022-10-06",23.3871130952381,23.4113214285714,23.38575,23.4062023809524,23.2311488095238,23.2208630952381
"2022-10-07",23.3798392857143,23.4047678571429,23.4049404761905,23.4255476190476,23.2148630952381,23.2037202380952
"2022-10-08",23.374119047619,23.3990357142857,23.4282857142857,23.4486071428571,23.1908630952381,23.1785773809524
"2022-10-09",23.3643571428571,23.3888452380952,23.423130952381,23.4424523809524,23.1951488095238,23.1828630952381
"2022-10-10",23.3661964285714,23.3915357142857,23.4109285714286,23.4306845238095,23.22975,23.216880952381
"2022-10-11",23.351875,23.3774821428571,23.3961488095238,23.4169107142857,23.2574642857143,23.244880952381
"2022-10-12",23.3720416666667,23.3982202380952,23.3673452380952,23.3876607142857,23.2448869047619,23.2307321428571
"2022-10-13",23.4236130952381,23.4495,23.3471904761905,23.3670654761905,23.2298869047619,23.2143035714286
"2022-10-14",23.4741726190476,23.4993392857143,23.3573392857143,23.376494047619,23.2083154761905,23.1937321428571
"2022-10-15",23.5001309523809,23.5250119047619,23.3518869047619,23.3716130952381,23.1990297619048,23.1854464285714
"2022-10-16",23.5223571428571,23.547375,23.346869047619,23.3674523809524,23.2026011904762,23.188875
"2022-10-17",23.5481547619048,23.5725952380952,23.3738154761905,23.3946904761905,23.1832857142857,23.1698571428571
"2022-10-18",23.5637738095238,23.5887857142857,23.4069107142857,23.4272202380952,23.1797380952381,23.1650178571429
"2022-10-19",23.5730833333333,23.5988214285714,23.4474464285714,23.4674821428571,23.212369047619,23.1982142857143
"2022-10-20",23.5710416666667,23.5972261904762,23.4916964285714,23.5120238095238,23.2388333333333,23.2246785714286
"2022-10-21",23.5882321428571,23.6147142857143,23.5173214285714,23.5380833333333,23.2741488095238,23.2574047619048
"2022-10-22",23.5561785714286,23.583375,23.5449702380952,23.5660178571429,23.3343392857143,23.3161666666667
"2022-10-23",23.5069761904762,23.5344583333333,23.5651785714286,23.5868035714286,23.3648392857143,23.3450714285714
"2022-10-24",23.4286369047619,23.4562619047619,23.5363035714286,23.5574880952381,23.3796130952381,23.3582678571429
"2022-10-25",23.485119047619,23.5134642857143,23.5398988095238,23.5618035714286,23.3581845238095,23.3368452380952
"2022-10-26",23.5913214285714,23.6196607142857,23.562255952381,23.5845773809524,23.3320535714286,23.3097023809524
"2022-10-27",23.669744047619,23.6976369047619,23.5993511904762,23.622380952381,23.3678630952381,23.3450714285714
"2022-10-28",23.7281011904762,23.7554226190476,23.6162619047619,23.6405714285714,23.4077976190476,23.3860238095238
"2022-10-29",23.7480178571429,23.7743452380952,23.619994047619,23.6436071428571,23.407375,23.38675
"2022-10-30",23.7343035714286,23.760755952381,23.6041071428571,23.626,23.3972142857143,23.3776071428571
"2022-10-31",23.715869047619,23.7411666666667,23.6121547619048,23.6343273809524,23.3880654761905,23.3694642857143
"2022-11-01",23.6012202380952,23.6270773809524,23.6198988095238,23.6436428571429,23.388369047619,23.370625
"2022-11-02",23.4802023809524,23.5047619047619,23.6669107142857,23.6932380952381,23.4140952380952,23.3976547619048
"2022-11-03",23.4007023809524,23.4254166666667,23.7030595238095,23.7272380952381,23.3921726190476,23.3757321428571
"2022-11-04",23.308,23.3328511904762,23.7769226190476,23.7989642857143,23.363869047619,23.3482797619048
"2022-11-05",23.2982321428571,23.3226428571429,23.8222261904762,23.8462738095238,23.3724642857143,23.3552916666667
"2022-11-06",23.3699226190476,23.3980892857143,23.8733869047619,23.8977261904762,23.3940714285714,23.3760476190476
"2022-11-07",23.5333214285714,23.5646488095238,23.9624821428571,23.9858571428571,23.4294166666667,23.4122440476191
"2022-11-08",23.6834583333333,23.7145238095238,23.9792976190476,23.9999523809524,23.4696488095238,23.4520416666667
"2022-11-09",23.9128273809524,23.9453571428571,23.9653035714286,23.9826547619048,23.4342976190476,23.4128214285714
"2022-11-10",24.117125,24.1505297619048,24.0098273809524,24.0302083333333,23.5108392857143,23.4903630952381
"2022-11-11",24.2886904761905,24.3227023809524,24.06475,24.0890119047619,23.6653809523809,23.6453511904762
"2022-11-12",24.492625,24.5276666666667,24.1819404761905,24.2065119047619,23.8300773809524,23.8128928571429
"2022-11-13",24.6426964285714,24.673005952381,24.3223571428571,24.3496607142857,23.9894345238095,23.9745238095238
"2022-11-14",24.7368392857143,24.7703511904762,24.4581845238095,24.4862083333333,24.1629285714286,24.1468630952381
"2022-11-15",24.8546785714286,24.8874821428571,24.6244583333333,24.6536547619048,24.3690476190476,24.3539583333333
"2022-11-16",24.8109047619048,24.8407023809524,24.7659880952381,24.7969404761905,24.6446845238095,24.6325773809524
"2022-11-17",24.7543571428571,24.7805654761905,24.8682202380952,24.8984523809524,24.8281428571429,24.8155892857143
"2022-11-18",24.7181488095238,24.7420654761905,24.9222916666667,24.9495119047619,24.9058392857143,24.8913988095238
"2022-11-19",24.7253511904762,24.7491369047619,24.9505416666667,24.973994047619,24.9097023809524,24.8951369047619
"2022-11-20",24.7874821428571,24.811125,24.9809226190476,25.0032380952381,24.949869047619,24.9350119047619
"2022-11-21",24.8265357142857,24.844875,25.0028988095238,25.0246130952381,24.9638630952381,24.9484166666667
"2022-11-22",24.7934880952381,24.8100952380952,24.9883214285714,25.0088630952381,24.9634464285714,24.9454345238095
"2022-11-23",24.7235476190476,24.7407142857143,24.9543869047619,24.973619047619,24.9068630952381,24.8887321428571
"2022-11-24",24.5860476190476,24.6053630952381,24.8724761904762,24.8902916666667,24.806625,24.7885119047619
"2022-11-25",24.5263214285714,24.5471785714286,24.7875357142857,24.8031904761905,24.7191488095238,24.7000416666667
"2022-11-26",24.4448988095238,24.4648928571429,24.6840476190476,24.7023035714286,24.6357321428571,24.6153333333333
"2022-11-27",24.3434464285714,24.3634345238095,24.5646011904762,24.581255952381,24.5331428571429,24.51175
"2022-11-28",24.2215773809524,24.2425535714286,24.4042619047619,24.419619047619,24.3982678571429,24.3763154761905
"2022-11-29",24.1921130952381,24.2122142857143,24.2775833333333,24.2922202380952,24.2115892857143,24.1919464285714
"2022-11-30",24.3183154761905,24.3395654761905,24.25175,24.2646547619048,24.039494047619,24.0205714285714
"2022-12-01",24.6284523809524,24.6477083333333,24.2914821428571,24.3052083333333,23.8989226190476,23.8802797619048
"2022-12-02",24.8883035714286,24.9076130952381,24.389619047619,24.4034642857143,23.825869047619,23.8099523809524
"2022-12-03",25.0428869047619,25.0601726190476,24.4817916666667,24.4939166666667,23.834630952381,23.8197261904762
"2022-12-04",25.112755952381,25.1294702380952,24.5290178571429,24.5401547619048,23.804005952381,23.789255952381
"2022-12-05",25.1853333333333,25.2023452380952,24.5886130952381,24.5971785714286,23.8361011904762,23.8220773809524
"2022-12-06",25.1585892857143,25.1661428571429,24.6669345238095,24.6749464285714,23.892125,23.8762321428571
"2022-12-07",25.0663630952381,25.0714880952381,24.6487202380952,24.6563154761905,23.9230654761905,23.9080238095238
"2022-12-08",25.0082142857143,25.0228511904762,24.6401488095238,24.6450595238095,24.0060714285714,23.9901666666667
"2022-12-09",25.0050416666667,25.0211130952381,24.6500892857143,24.6554523809524,24.1111011904762,24.0940238095238
"2022-12-10",25.0933214285714,25.1156428571429,24.7620773809524,24.7667261904762,24.2641309523809,24.2465952380952
"2022-12-11",25.2350773809524,25.2584583333333,25.0189642857143,25.0252202380952,24.5186011904762,24.4994404761905
"2022-12-12",25.349380952381,25.3697261904762,25.2431726190476,25.2563869047619,24.7894345238095,24.7686428571429
"2022-12-13",25.5589464285714,25.5911071428571,25.500630952381,25.5150119047619,25.1220476190476,25.0993154761905
"2022-12-14",25.7538214285714,25.7887321428571,25.7157261904762,25.732880952381,25.4775654761905,25.4529464285714
"2022-12-15",25.7986785714286,25.8253452380952,25.904869047619,25.9262142857143,25.7488154761905,25.7196964285714
"2022-12-16",25.7972261904762,25.8209880952381,26.0345,26.0537202380952,25.9623333333333,25.9305892857143
"2022-12-17",25.7938333333333,25.8165416666667,26.1092023809524,26.1236726190476,26.0781488095238,26.0475357142857
"2022-12-18",25.8309226190476,25.8547976190476,25.9930238095238,26.0025833333333,26.0908154761905,26.0609285714286
"2022-12-19",25.811744047619,25.8370595238095,25.9281726190476,25.9345535714286,25.9859583333333,25.9585238095238
"2022-12-20",25.7700416666667,25.7928928571429,25.862130952381,25.8659226190476,25.7780714285714,25.753119047619
"2022-12-21",25.828619047619,25.8532083333333,25.8489345238095,25.852130952381,25.592244047619,25.5615297619048
"2022-12-22",25.9232142857143,25.9520535714286,25.8010892857143,25.7972142857143,25.4796904761905,25.4459404761905
"2022-12-23",25.9590178571429,25.9902023809524,25.7390773809524,25.7386607142857,25.3820297619048,25.3480178571429
"2022-12-24",25.9860833333333,26.0126607142857,25.6314583333333,25.6366666666667,25.3389523809524,25.2945416666667
"2022-12-25",25.9519464285714,25.9768928571429,25.6459404761905,25.65575,25.3254583333333,25.2724880952381
"2022-12-26",26.0217083333333,26.0526369047619,25.6370833333333,25.6442619047619,25.3795476190476,25.3253035714286
"2022-12-27",26.0116964285714,26.0469464285714,25.5865535714286,25.5925178571429,25.5130714285714,25.4599821428571
"2022-12-28",25.885255952381,25.9207857142857,25.5860773809524,25.5904702380952,25.5851666666667,25.5377083333333
"2022-12-29",25.7635178571429,25.7962738095238,25.5602202380952,25.5696369047619,25.587630952381,25.5455238095238
"2022-12-30",25.7193095238095,25.750744047619,25.6130535714286,25.6195714285714,25.5869642857143,25.5486011904762
"2022-12-31",25.7541666666667,25.784875,25.7591071428571,25.7647738095238,25.5789226190476,25.547375
"2023-01-01",25.8291785714286,25.8607738095238,25.8982619047619,25.901625,25.5474285714286,25.5217023809524
"2023-01-02",25.8655357142857,25.8856904761905,26.0496666666667,26.0533095238095,25.5463333333333,25.5194702380952
"2023-01-03",25.9814345238095,26.0074345238095,26.1817321428571,26.1830654761905,25.572244047619,25.5439345238095
"2023-01-04",26.0385119047619,26.0621964285714,26.2483869047619,26.2504107142857,25.6333095238095,25.6043928571429
"2023-01-05",26.0983154761905,26.1197083333333,26.3606488095238,26.360505952381,25.7185595238095,25.6942857142857
"2023-01-06",26.1278630952381,26.1496904761905,26.3930714285714,26.3930476190476,25.7627083333333,25.7323452380952
"2023-01-07",26.070875,26.0942857142857,26.3728214285714,26.373625,25.7449226190476,25.7135595238095
"2023-01-08",26.0662678571429,26.0854702380952,26.3364166666667,26.3380714285714,25.7948571428571,25.7662202380952
"2023-01-09",26.1702738095238,26.1917619047619,26.3085595238095,26.3118273809524,25.7207261904762,25.6946547619048
"2023-01-10",26.302255952381,26.3083333333333,26.3696845238095,26.3819761904762,25.658,25.636875
"2023-01-11",26.567630952381,26.5725654761905,26.4811488095238,26.4924107142857,25.6108333333333,25.591880952381
"2023-01-12",26.8134821428571,26.8211845238095,26.6370952380952,26.6495416666667,25.5450892857143,25.5240714285714
"2023-01-13",27.0393571428571,27.0489880952381,26.7779464285714,26.7928988095238,25.6430892857143,25.6290416666667
"2023-01-14",27.2392857142857,27.2511607142857,26.907,26.9200773809524,25.8434166666667,25.8341130952381
"2023-01-15",27.3902797619048,27.4068273809524,27.050380952381,27.0651071428571,25.9659404761905,25.956619047619
"2023-01-16",27.4814047619048,27.5005952380952,27.1612321428571,27.1769821428571,26.1823988095238,26.1684404761905
"2023-01-17",27.4559642857143,27.4828869047619,27.1623273809524,27.1744464285714,26.3065119047619,26.2836547619048
"2023-01-18",27.3579583333333,27.3876607142857,27.143494047619,27.1571071428571,26.3996964285714,26.3746726190476
"2023-01-19",27.2178392857143,27.2471130952381,27.0799642857143,27.094005952381,26.5450297619048,26.5191488095238
"2023-01-20",27.1144821428571,27.141255952381,27.0554464285714,27.0686130952381,26.5478511904762,26.516875
"2023-01-21",26.9465654761905,26.9708273809524,27.0168869047619,27.0289107142857,26.4421547619048,26.4087083333333
"2023-01-22",26.7750178571429,26.8009821428571,26.9026547619048,26.9111369047619,26.3607321428571,26.3219464285714
"2023-01-23",26.6967619047619,26.7231428571429,26.8438095238095,26.8512797619048,26.364130952381,26.3279821428571
"2023-01-24",26.6660476190476,26.6913988095238,26.8256011904762,26.8320416666667,26.454130952381,26.4223392857143
"2023-01-25",26.5925892857143,26.6116726190476,26.7263035714286,26.7317142857143,26.5053630952381,26.4719702380952
"2023-01-26",26.5802380952381,26.5939107142857,26.6497202380952,26.6544107142857,26.4485714285714,26.4044702380952
"2023-01-27",26.5975714285714,26.6088928571429,26.627125,26.6325357142857,26.4769107142857,26.4374345238095
"2023-01-28",26.6372202380952,26.6481071428571,26.5198869047619,26.5298035714286,26.4000892857143,26.3608035714286
"2023-01-29",26.732,26.7384166666667,26.4999404761905,26.5084047619048,26.3064345238095,26.2705297619048
"2023-01-30",26.7906369047619,26.801,26.5115833333333,26.5136428571429,26.2461488095238,26.2131130952381
"2023-01-31",26.8275119047619,26.8406666666667,26.530625,26.5309404761905,26.1581428571429,26.1239464285714
"2023-02-01",26.9327023809524,26.9524345238095,26.4558630952381,26.452130952381,26.0360595238095,26.0057797619048
"2023-02-02",27.0770773809524,27.1071904761905,26.4715119047619,26.4673333333333,25.8903333333333,25.8726488095238
"2023-02-03",27.1147380952381,27.143,26.5127678571429,26.508005952381,25.7392857142857,25.7184523809524
"2023-02-04",27.1959464285714,27.2341547619048,26.6157738095238,26.604880952381,25.8102559523809,25.7868392857143
"2023-02-05",27.2403095238095,27.274,26.644,26.6360416666667,25.858994047619,25.8266011904762
"2023-02-06",27.1542142857143,27.1791607142857,26.5817797619048,26.5781666666667,25.7920595238095,25.7564940476191
"2023-02-07",26.8926964285714,26.9110416666667,26.4158095238095,26.4140892857143,25.6506666666667,25.615744047619
"2023-02-08",26.8454285714286,26.8614642857143,26.4926071428571,26.4957916666667,25.5481130952381,25.5140595238095
"2023-02-09",26.8122380952381,26.8195119047619,26.5024583333333,26.5062380952381,25.6729345238095,25.6359821428571
"2023-02-10",26.7423035714286,26.7511904761905,26.3608214285714,26.3662023809524,25.7280714285714,25.6964880952381
"2023-02-11",26.5312083333333,26.5295654761905,26.1720119047619,26.1816130952381,25.6329464285714,25.604505952381
"2023-02-12",26.3678273809524,26.3783273809524,26.114125,26.1256071428571,25.5324821428571,25.5161785714286
"2023-02-13",26.3372619047619,26.3575297619048,26.0944880952381,26.1066785714286,25.5237916666667,25.5099583333333
"2023-02-14",26.5179523809524,26.5442023809524,26.1054702380952,26.1144345238095,25.4454285714286,25.4353452380952
"2023-02-15",26.6387023809524,26.6668214285714,26.1885119047619,26.1976428571429,25.4955535714286,25.4825714285714
"2023-02-16",26.399619047619,26.4368154761905,26.26475,26.2750476190476,25.5734047619048,25.5647738095238
"2023-02-17",26.2323095238095,26.2819166666667,26.3840595238095,26.3926369047619,25.5934702380952,25.5800416666667
"2023-02-18",26.1678095238095,26.2205535714286,26.5391726190476,26.5471785714286,25.5934404761905,25.5808571428571
"2023-02-19",26.128869047619,26.1766011904762,26.5226071428571,26.5307619047619,25.6103988095238,25.5937678571429
"2023-02-20",26.1675,26.2085297619048,26.5766488095238,26.5855654761905,25.7281785714286,25.7083392857143
"2023-02-21",26.2094345238095,26.251494047619,26.7120892857143,26.7255416666667,25.8876726190476,25.8617083333333
"2023-02-22",26.0560476190476,26.0957380952381,26.6649464285714,26.6794107142857,26.0252023809524,26.0005416666667
"2023-02-23",26.1901607142857,26.2182797619048,26.5665297619048,26.5827142857143,25.9964107142857,25.9693035714286
"2023-02-24",26.3831726190476,26.4039464285714,26.5680654761905,26.5847976190476,25.9908154761905,25.9651488095238
"2023-02-25",26.5181488095238,26.5359345238095,26.6030357142857,26.6237202380952,26.2515059523809,26.2201547619048
"2023-02-26",26.7033928571429,26.7203095238095,26.8108571428571,26.8306785714286,26.4882321428571,26.4594464285714
"2023-02-27",26.6902202380952,26.7142797619048,26.8370892857143,26.8601428571429,26.6023392857143,26.566
"2023-02-28",26.5754523809524,26.595994047619,26.7456845238095,26.768744047619,26.5899047619048,26.5527023809524
"2023-03-01",26.7146964285714,26.7387738095238,26.8121071428571,26.8310833333333,26.6050178571429,26.5583392857143
"2023-03-02",26.8203392857143,26.8473452380952,26.9207321428571,26.9372380952381,26.6309107142857,26.5778095238095
"2023-03-03",26.8619523809524,26.8910119047619,26.9222738095238,26.9453392857143,26.727119047619,26.6709404761905
"2023-03-04",26.9893035714286,27.0234702380952,26.9035119047619,26.9249642857143,26.5415595238095,26.4903630952381
"2023-03-05",27.02525,27.059125,26.8320297619048,26.8514226190476,26.44675,26.3936845238095
"2023-03-06",27.1432083333333,27.1738988095238,26.8696785714286,26.8867261904762,26.275994047619,26.2311785714286
"2023-03-07",27.3184821428571,27.3495178571429,26.9962380952381,27.0151726190476,26.2689880952381,26.2265178571429
"2023-03-08",27.2474583333333,27.2776071428571,26.9425059523809,26.9646666666667,26.2286130952381,26.1922857142857
"2023-03-09",27.2639880952381,27.2995416666667,26.9135238095238,26.9368511904762,26.1774642857143,26.1450773809524
"2023-03-10",27.2816785714286,27.3108035714286,26.8751428571429,26.8925119047619,26.1390119047619,26.1080833333333
"2023-03-11",27.2404107142857,27.2631130952381,26.780994047619,26.796755952381,26.2557202380952,26.2201190476191
"2023-03-12",27.1177142857143,27.136630952381,26.6851547619048,26.7038511904762,26.2856488095238,26.2501666666667
"2023-03-13",26.8696666666667,26.8889523809524,26.4824702380952,26.4973452380952,26.2787857142857,26.2430654761905
"2023-03-14",26.6672976190476,26.6862261904762,26.270880952381,26.2818154761905,26.1869702380952,26.1498095238095
"2023-03-15",26.5324702380952,26.5501785714286,26.1889047619048,26.1964404761905,26.01975,25.9840773809524
"2023-03-16",26.324375,26.3415952380952,26.0499226190476,26.0552976190476,25.8708154761905,25.8370654761905
"2023-03-17",26.1684107142857,26.192619047619,26.0056428571429,26.0082023809524,25.7298511904762,25.6996071428571
"2023-03-18",26.0752857142857,26.1021071428571,26.0342380952381,26.0365178571429,25.5728214285714,25.5462261904762
"2023-03-19",26.0243392857143,26.0425357142857,26.03525,26.037505952381,25.5157083333333,25.4897083333333
"2023-03-20",26.0517202380952,26.0667261904762,26.0773154761905,26.0817678571429,25.384869047619,25.3597321428571
"2023-03-21",26.2134345238095,26.2268988095238,26.2487023809524,26.259125,25.3789047619048,25.3540535714286
"2023-03-22",26.2169642857143,26.2304464285714,26.3193035714286,26.3353035714286,25.6253452380952,25.597244047619
"2023-03-23",26.2245833333333,26.2344226190476,26.3050595238095,26.3253928571429,25.7701785714286,25.7385773809524
"2023-03-24",26.2274166666667,26.2336369047619,26.2399464285714,26.2646785714286,25.8402619047619,25.803880952381
"2023-03-25",26.373130952381,26.3798273809524,26.2897321428571,26.3137142857143,25.8978214285714,25.8583869047619
"2023-03-26",26.4558273809524,26.4723095238095,26.2804285714286,26.3066130952381,26.0381607142857,26.0011904761905
"2023-03-27",26.5575654761905,26.5739345238095,26.2933392857143,26.3209761904762,26.2200714285714,26.1788869047619
"2023-03-28",26.6191904761905,26.6331785714286,26.2859523809524,26.3071964285714,26.4061428571429,26.367255952381
"2023-03-29",26.7424464285714,26.759119047619,26.2749880952381,26.2925952380952,26.3665476190476,26.3291011904762
"2023-03-30",26.7329642857143,26.7548928571429,26.2880773809524,26.3043630952381,26.3814821428571,26.3443095238095
"2023-03-31",26.7931428571429,26.8094047619048,26.3339226190476,26.3441011904762,26.2767380952381,26.240744047619
"2023-04-01",26.7509345238095,26.7594880952381,26.3913333333333,26.3993333333333,26.2028214285714,26.1677321428571
"2023-04-02",26.7352321428571,26.7453988095238,26.5252142857143,26.531744047619,26.0875595238095,26.0513333333333
"2023-04-03",26.7671130952381,26.7766904761905,26.6845,26.6900297619048,26.0922559523809,26.0551547619048
"2023-04-04",26.6961726190476,26.7118809523809,26.7663035714286,26.7788571428571,26.0959583333333,26.058880952381
"2023-04-05",26.6293511904762,26.6413571428571,26.8575238095238,26.8692023809524,26.0981547619048,26.0596666666667
"2023-04-06",26.6946369047619,26.7088273809524,26.9613214285714,26.9729107142857,26.1018571428571,26.0642142857143
"2023-04-07",26.6885297619048,26.7053630952381,27.0525297619048,27.0671845238095,26.2438095238095,26.206869047619
"2023-04-08",26.6919642857143,26.7256369047619,27.0715952380952,27.0894583333333,26.4300416666667,26.3939107142857
"2023-04-09",26.6548630952381,26.6895297619048,27.0238035714286,27.0406488095238,26.5441547619048,26.5043511904762
"2023-04-10",26.6248333333333,26.6606607142857,26.918625,26.9353273809524,26.5669226190476,26.531744047619
"2023-04-11",26.7037738095238,26.7338095238095,26.8949583333333,26.9065416666667,26.5555833333333,26.5187797619048
"2023-04-12",26.823619047619,26.85575,26.9109107142857,26.9239702380952,26.5873988095238,26.5543571428571
"2023-04-13",26.8941904761905,26.9215357142857,26.9755119047619,26.9862202380952,26.6733630952381,26.6395892857143
"2023-04-14",26.9907023809524,27.0171547619048,27.0285416666667,27.0372202380952,26.652869047619,26.6196785714286
"2023-04-15",27.0572857142857,27.0762083333333,27.0311130952381,27.0402202380952,26.5922559523809,26.5592142857143
"2023-04-16",27.0902261904762,27.1055238095238,27.0369940476191,27.0449523809524,26.5701428571429,26.5452619047619
"2023-04-17",27.0908333333333,27.0997202380952,27.0064880952381,27.0142857142857,26.551244047619,26.528505952381
"2023-04-18",27.0091607142857,27.0269226190476,26.9331547619048,26.9419642857143,26.5420892857143,26.5173035714286
"2023-04-19",26.8979583333333,26.9230535714286,26.890375,26.8984166666667,26.4810833333333,26.4548392857143
"2023-04-20",26.827375,26.8563869047619,26.7933988095238,26.7954761904762,26.4395297619048,26.416375
"2023-04-21",26.6496488095238,26.6819702380952,26.6327916666667,26.6396607142857,26.406369047619,26.385375
"2023-04-22",26.5992261904762,26.6329880952381,26.52375,26.5292976190476,26.3243809523809,26.303994047619
"2023-04-23",26.6614821428571,26.7029464285714,26.5220892857143,26.5286547619048,26.192125,26.1653511904762
"2023-04-24",26.693625,26.7365773809524,26.6017023809524,26.6113452380952,26.1422797619048,26.1100297619048
"2023-04-25",26.7058630952381,26.746494047619,26.6547440476191,26.665119047619,26.2239285714286,26.1928214285714
"2023-04-26",26.7446369047619,26.7749821428571,26.6629107142857,26.6767976190476,26.274875,26.2434761904762
"2023-04-27",26.6890714285714,26.7153214285714,26.5622797619048,26.5839880952381,26.2408095238095,26.2073511904762
"2023-04-28",26.8136488095238,26.844,26.5820238095238,26.6019642857143,26.2170892857143,26.1791547619048
"2023-04-29",26.8003333333333,26.8283630952381,26.6245119047619,26.642119047619,26.1821011904762,26.1431607142857
"2023-04-30",26.8196488095238,26.8427380952381,26.5552916666667,26.5695476190476,26.2084880952381,26.172
"2023-05-01",26.8456488095238,26.8778988095238,26.5269821428571,26.5374345238095,26.141619047619,26.0987857142857
"2023-05-02",26.8385476190476,26.8747321428571,26.460875,26.469005952381,25.969375,25.9261726190476
"2023-05-03",26.8775297619048,26.9207261904762,26.3922321428571,26.3984642857143,25.9472619047619,25.9084345238095
"2023-05-04",26.97875,27.0231309523809,26.480119047619,26.4876666666667,25.9136607142857,25.8783214285714
"2023-05-05",27.0149583333333,27.0558333333333,26.5372023809524,26.5462261904762,25.9526666666667,25.9116547619048
"2023-05-06",27.0898452380952,27.1305654761905,26.5455416666667,26.5614404761905,26.0863630952381,26.0471011904762
"2023-05-07",27.1039642857143,27.1500833333333,26.6140892857143,26.6334821428571,26.17425,26.1347083333333
"2023-05-08",27.1072976190476,27.1499047619048,26.658369047619,26.6822976190476,26.2770833333333,26.2463690476191
"2023-05-09",27.1241904761905,27.1625416666667,26.7452261904762,26.7694523809524,26.4589821428571,26.4257202380952
"2023-05-10",27.1267142857143,27.1612738095238,26.8181011904762,26.841755952381,26.5652678571429,26.5296369047619
"2023-05-11",27.1634107142857,27.1987321428571,26.8935595238095,26.9185773809524,26.7307857142857,26.6920952380952
"2023-05-12",27.1152619047619,27.1511488095238,26.8999583333333,26.9232261904762,26.9017857142857,26.8681607142857
"2023-05-13",27.0070714285714,27.043380952381,26.8659523809524,26.8848452380952,26.8970595238095,26.8490297619048
"2023-05-14",26.8942202380952,26.9257261904762,26.8106011904762,26.8328273809524,26.8839642857143,26.833619047619
"2023-05-15",26.7856071428571,26.8203035714286,26.7762321428571,26.7958214285714,26.9167380952381,26.8643571428571
"2023-05-16",26.6745476190476,26.7070654761905,26.6832619047619,26.7047142857143,26.8259583333333,26.7666964285714
"2023-05-17",26.5822857142857,26.6187142857143,26.6046011904762,26.6294047619048,26.7161904761905,26.6527738095238
"2023-05-18",26.4370297619048,26.4721011904762,26.4555833333333,26.4773035714286,26.5455119047619,26.4799345238095
"2023-05-19",26.422255952381,26.458380952381,26.3793630952381,26.4018095238095,26.2983988095238,26.2312619047619
"2023-05-20",26.4531130952381,26.489244047619,26.3728630952381,26.3971964285714,26.1327738095238,26.0748630952381
"2023-05-21",26.5036547619048,26.5414047619048,26.300875,26.3230119047619,26.0194583333333,25.9630178571429
"2023-05-22",26.5934583333333,26.6286130952381,26.2721071428571,26.2962678571429,25.8057797619048,25.7489642857143
"2023-05-23",26.6672380952381,26.7044226190476,26.2850416666667,26.3094761904762,25.6958214285714,25.6484166666667
"2023-05-24",26.6816845238095,26.7145,26.2877916666667,26.3081428571429,25.6965892857143,25.6500357142857
"2023-05-25",26.7454226190476,26.7763452380952,26.3078869047619,26.3263630952381,25.697619047619,25.6502142857143
"2023-05-26",26.6779345238095,26.7062083333333,26.2587797619048,26.2779642857143,25.7146071428571,25.6685178571429
"2023-05-27",26.5933095238095,26.6215535714286,26.200619047619,26.2179345238095,25.7305357142857,25.6855714285714
"2023-05-28",26.5347380952381,26.5640773809524,26.2612619047619,26.2785952380952,25.6472857142857,25.6020238095238
"2023-05-29",26.4132976190476,26.4402976190476,26.1964047619048,26.2134404761905,25.7121964285714,25.6690892857143
"2023-05-30",26.3371011904762,26.3632380952381,26.1230773809524,26.1396666666667,25.7033452380952,25.6540476190476
"2023-05-31",26.299005952381,26.3255833333333,26.0341130952381,26.0521547619048,25.5703988095238,25.5244523809524
"2023-06-01",26.2676071428571,26.2959404761905,25.9533273809524,25.9752678571429,25.5396309523809,25.4973035714286
"2023-06-02",26.2293928571429,26.2568511904762,25.8994464285714,25.9207857142857,25.4679523809524,25.4246369047619
"2023-06-03",26.169625,26.1981071428571,25.7842678571429,25.8046964285714,25.4183988095238,25.3739226190476
"2023-06-04",26.0602797619048,26.085125,25.6117619047619,25.6297261904762,25.4391488095238,25.3902202380952
"2023-06-05",25.9785119047619,26.0034880952381,25.5141488095238,25.5365833333333,25.3807976190476,25.3322738095238
"2023-06-06",25.8800357142857,25.9068452380952,25.3818571428571,25.4056011904762,25.329125,25.2852321428571
"2023-06-07",25.754755952381,25.778630952381,25.2886488095238,25.3122083333333,25.2689642857143,25.2279642857143
"2023-06-08",25.6396071428571,25.6632916666667,25.2196666666667,25.2407380952381,25.1729166666667,25.1340952380952
"2023-06-09",25.5534047619048,25.5783988095238,25.1815535714286,25.2001785714286,25.1596904761905,25.1247619047619
"2023-06-10",25.5543928571429,25.5789404761905,25.2269821428571,25.2470714285714,25.1359226190476,25.1057857142857
"2023-06-11",25.5553988095238,25.5815595238095,25.2540654761905,25.2751488095238,25.132625,25.10475
"2023-06-12",25.4476666666667,25.4777023809524,25.1678214285714,25.1844107142857,25.1738452380952,25.1436785714286
"2023-06-13",25.4468095238095,25.4748392857143,25.1119226190476,25.1292142857143,25.0211488095238,24.9933035714286
"2023-06-14",25.503744047619,25.5342619047619,25.1419345238095,25.1608214285714,24.9013035714286,24.8702857142857
"2023-06-15",25.5488452380952,25.5780833333333,25.2287678571429,25.2492678571429,24.9018452380952,24.8692619047619
"2023-06-16",25.5878273809524,25.6190654761905,25.2484464285714,25.2738571428571,24.9580238095238,24.9273035714286
"2023-06-17",25.5727380952381,25.6044345238095,25.2425,25.2705119047619,25.0400416666667,25.0108928571429
"2023-06-18",25.5769107142857,25.6101964285714,25.2567321428571,25.2867797619048,25.0841904761905,25.0588154761905
"2023-06-19",25.6903511904762,25.7214880952381,25.3127619047619,25.3438511904762,25.0727797619048,25.051
"2023-06-20",25.7197976190476,25.7520714285714,25.3985952380952,25.4276785714286,25.2175773809524,25.1950892857143
"2023-06-21",25.7098154761905,25.7420595238095,25.4292023809524,25.4584404761905,25.353255952381,25.3323392857143
"2023-06-22",25.6444761904762,25.6769880952381,25.3931071428571,25.42275,25.406375,25.3860238095238
"2023-06-23",25.5827678571429,25.6135476190476,25.3326845238095,25.3603035714286,25.3980833333333,25.3765654761905
"2023-06-24",25.5573511904762,25.5889642857143,25.2746071428571,25.3007738095238,25.2477261904762,25.2262202380952
"2023-06-25",25.5378452380952,25.5693273809524,25.2780654761905,25.306119047619,25.1658273809524,25.1436130952381
"2023-06-26",25.4965416666667,25.52875,25.316619047619,25.3447857142857,25.1275535714286,25.1069166666667
"2023-06-27",25.4492738095238,25.4804821428571,25.2904345238095,25.3158630952381,25.1129821428571,25.0967857142857
"2023-06-28",25.3744226190476,25.4047738095238,25.2173988095238,25.2417976190476,25.0618214285714,25.0463511904762
"2023-06-29",25.3546666666667,25.3851488095238,25.173625,25.1968630952381,24.985369047619,24.9710297619048
"2023-06-30",25.3289761904762,25.3603333333333,25.212505952381,25.2352916666667,24.9610714285714,24.9480357142857
"2023-07-01",25.2784107142857,25.308875,25.2187916666667,25.2413035714286,25.0349047619048,25.0214226190476
"2023-07-02",25.2447202380952,25.2748571428571,25.1818154761905,25.2015535714286,25.0039404761905,24.9911726190476
"2023-07-03",25.2656547619048,25.2952023809524,25.1924047619048,25.210869047619,24.963125,24.9521130952381
"2023-07-04",25.2705833333333,25.30025,25.2452857142857,25.2669464285714,24.9605059523809,24.9499464285714
"2023-07-05",25.2761904761905,25.3062857142857,25.273375,25.2950535714286,25.0132559523809,25.0014107142857
"2023-07-06",25.2868154761905,25.3179523809524,25.2719345238095,25.2937738095238,25.0688869047619,25.0567857142857
"2023-07-07",25.305994047619,25.3363809523809,25.2642797619048,25.2865357142857,25.0596547619048,25.0467083333333
"2023-07-08",25.2894107142857,25.3189464285714,25.240375,25.263755952381,25.0502857142857,25.0382202380952
"2023-07-09",25.246755952381,25.2774345238095,25.1776904761905,25.2013511904762,25.0291011904762,25.0181964285714
"2023-07-10",25.1949583333333,25.2253273809524,25.1185238095238,25.1427738095238,24.9722738095238,24.9597916666667
"2023-07-11",25.1208214285714,25.1500297619048,25.0579404761905,25.0825773809524,24.8923988095238,24.8788988095238
"2023-07-12",25.0480297619048,25.0776666666667,25.0018630952381,25.029505952381,24.7934464285714,24.7808035714286
"2023-07-13",24.9680654761905,24.9971011904762,24.9639523809524,24.9920119047619,24.6770595238095,24.665130952381
"2023-07-14",24.8704226190476,24.8991845238095,24.8911964285714,24.9198630952381,24.6057797619048,24.5945595238095
"2023-07-15",24.7425833333333,24.7710238095238,24.8231011904762,24.852619047619,24.541994047619,24.5304880952381
"2023-07-16",24.6296547619048,24.6578154761905,24.7783511904762,24.8074345238095,24.4754107142857,24.4631904761905
"2023-07-17",24.5092261904762,24.5379821428571,24.7174761904762,24.7456666666667,24.4095238095238,24.3961666666667
"2023-07-18",24.435130952381,24.4644642857143,24.6643214285714,24.6925,24.3886904761905,24.3742023809524
"2023-07-19",24.3905476190476,24.4192678571429,24.6338035714286,24.6594107142857,24.3605476190476,24.3462202380952
"2023-07-20",24.3411130952381,24.3701071428571,24.6057619047619,24.6327857142857,24.3588392857143,24.344505952381
"2023-07-21",24.2895476190476,24.3183869047619,24.5613214285714,24.5880357142857,24.3357142857143,24.3210952380952
"2023-07-22",24.2615357142857,24.2903869047619,24.5034404761905,24.5307380952381,24.2854761904762,24.2705595238095
"2023-07-23",24.2348452380952,24.2620892857143,24.4354166666667,24.4641428571429,24.2473392857143,24.2304166666667
"2023-07-24",24.2210773809524,24.2474345238095,24.3672142857143,24.3959166666667,24.232125,24.2156071428571
"2023-07-25",24.2171845238095,24.2434285714286,24.2879464285714,24.3167916666667,24.1832202380952,24.1679821428571
"2023-07-26",24.1931845238095,24.2193035714286,24.2423511904762,24.2715952380952,24.1397619047619,24.124380952381
"2023-07-27",24.1462321428571,24.1727797619048,24.1999226190476,24.2268869047619,24.0646964285714,24.0474702380952
"2023-07-28",24.1169583333333,24.1436428571429,24.1648988095238,24.1912857142857,23.9972738095238,23.9794702380952
"2023-07-29",24.1123511904762,24.1390476190476,24.1413630952381,24.1660119047619,23.9196964285714,23.9009107142857
"2023-07-30",24.1101785714286,24.136755952381,24.1169523809524,24.1403214285714,23.8177023809524,23.7980595238095
"2023-07-31",24.1111726190476,24.1376071428571,24.1185238095238,24.1421904761905,23.7373392857143,23.7191488095238
"2023-08-01",24.0864880952381,24.112755952381,24.131125,24.1549523809524,23.6469166666667,23.6290178571429
"2023-08-02",24.0651071428571,24.0910952380952,24.104744047619,24.1287083333333,23.5639345238095,23.5460357142857
"2023-08-03",24.0733928571429,24.0982261904762,24.0779226190476,24.1030238095238,23.5040773809524,23.4880178571429
"2023-08-04",24.091,24.1156785714286,24.0708869047619,24.096880952381,23.4674047619048,23.4519345238095
"2023-08-05",24.0934642857143,24.1184047619048,24.0665892857143,24.0921607142857,23.480880952381,23.4659761904762
"2023-08-06",24.0633392857143,24.0891428571429,24.067625,24.0940357142857,23.5413035714286,23.5289821428571
"2023-08-07",24.0062976190476,24.0315297619048,24.0240654761905,24.0496071428571,23.5861785714286,23.5737083333333
"2023-08-08",23.9502380952381,23.9758928571429,23.9482678571429,23.973505952381,23.6301666666667,23.6174107142857
"2023-08-09",23.9235654761905,23.9500595238095,23.8844583333333,23.909119047619,23.6553988095238,23.6419226190476
"2023-08-10",23.9106964285714,23.9363273809524,23.8183988095238,23.8423333333333,23.6697083333333,23.6545297619048
"2023-08-11",23.8862083333333,23.9128511904762,23.7746726190476,23.796869047619,23.6589642857143,23.6432142857143
"2023-08-12",23.8664047619048,23.8930773809524,23.75375,23.7762380952381,23.6250178571429,23.6102619047619
"2023-08-13",23.8899583333333,23.9158988095238,23.761625,23.7824166666667,23.5920833333333,23.5779047619048
"2023-08-14",23.9625238095238,23.9893214285714,23.8081726190476,23.830994047619,23.6348809523809,23.6195595238095
"2023-08-15",24.0534880952381,24.0794107142857,23.8891547619048,23.911125,23.6862976190476,23.671125
"2023-08-16",24.1313095238095,24.1560952380952,23.972619047619,23.993875,23.7444464285714,23.7299821428571
"2023-08-17",24.2691726190476,24.2958333333333,24.1139821428571,24.1361071428571,23.7970238095238,23.7815476190476
"2023-08-18",24.3980416666667,24.4241488095238,24.2708273809524,24.2928333333333,23.9135952380952,23.8992619047619
"2023-08-19",24.5406726190476,24.5676547619048,24.4249464285714,24.4478214285714,24.05975,24.0442738095238
"2023-08-20",24.6683869047619,24.6956964285714,24.5602797619048,24.5851726190476,24.2051607142857,24.1899702380952
"2023-08-21",24.7542023809524,24.7816607142857,24.6570238095238,24.6807738095238,24.2752321428571,24.2603154761905
"2023-08-22",24.8052380952381,24.8333214285714,24.7235773809524,24.7473214285714,24.3290833333333,24.3141547619048
"2023-08-23",24.8224761904762,24.8517083333333,24.7433988095238,24.7684583333333,24.3605238095238,24.343875
"2023-08-24",24.751130952381,24.7796607142857,24.6819226190476,24.7056904761905,24.351625,24.3348452380952
"2023-08-25",24.7213392857143,24.7489880952381,24.5968095238095,24.6225595238095,24.2787380952381,24.2600773809524
"2023-08-26",24.6984642857143,24.7261011904762,24.5332619047619,24.5574285714286,24.2448392857143,24.2224583333333
"2023-08-27",24.6491488095238,24.6744642857143,24.5081071428571,24.5315357142857,24.2404285714286,24.2153035714286
"2023-08-28",24.608875,24.6323511904762,24.4589880952381,24.4829702380952,24.2277023809524,24.204880952381
"2023-08-29",24.5860119047619,24.6083214285714,24.4296547619048,24.4559821428571,24.2114821428571,24.1912380952381
"2023-08-30",24.6116130952381,24.6338095238095,24.4709761904762,24.4983035714286,24.2669047619048,24.2483869047619
"2023-08-31",24.6608988095238,24.6820773809524,24.5531785714286,24.5808333333333,24.3795119047619,24.3645714285714
"2023-09-01",24.687630952381,24.7091726190476,24.6240595238095,24.6514226190476,24.5215773809524,24.5090833333333
"2023-09-02",24.7095357142857,24.7297678571429,24.6704285714286,24.6993035714286,24.6064226190476,24.5990654761905
"2023-09-03",24.7531488095238,24.7757916666667,24.6783035714286,24.70675,24.6483571428571,24.6435952380952
"2023-09-04",24.7923035714286,24.8169345238095,24.7216428571429,24.749869047619,24.7053452380952,24.6997202380952
"2023-09-05",24.8245535714286,24.8510357142857,24.7592857142857,24.7860833333333,24.7733035714286,24.7658273809524
"2023-09-06",24.8287797619048,24.8550654761905,24.7680119047619,24.7944226190476,24.7941785714286,24.7871369047619
"2023-09-07",24.8332619047619,24.8605476190476,24.7639761904762,24.791380952381,24.8028095238095,24.79375
"2023-09-08",24.843244047619,24.8706011904762,24.7633809523809,24.7905178571429,24.7688392857143,24.7569047619048
"2023-09-09",24.8491130952381,24.876630952381,24.7691904761905,24.796119047619,24.7447738095238,24.7324226190476
"2023-09-10",24.8591726190476,24.8868452380952,24.783,24.8109404761905,24.7298154761905,24.7180416666667
"2023-09-11",24.8705178571429,24.897625,24.7962797619048,24.8237261904762,24.731125,24.7193511904762
"2023-09-12",24.881875,24.9085773809524,24.8196130952381,24.8470238095238,24.7389166666667,24.726994047619
"2023-09-13",24.8974166666667,24.9245654761905,24.8361726190476,24.8626845238095,24.7550714285714,24.7428452380952
"2023-09-14",24.9046011904762,24.9322023809524,24.85675,24.8823869047619,24.7683333333333,24.7573869047619
"2023-09-15",24.909755952381,24.9375476190476,24.8835476190476,24.9090357142857,24.7978452380952,24.7889166666667
"2023-09-16",24.9286369047619,24.9573035714286,24.9074404761905,24.9320595238095,24.8051964285714,24.795125
"2023-09-17",24.9551428571429,24.9836845238095,24.956755952381,24.9803630952381,24.8267916666667,24.8167202380952
"2023-09-18",24.9724404761905,25.0014047619048,24.9884345238095,25.0117619047619,24.8434880952381,24.833130952381
"2023-09-19",25.0089345238095,25.0384583333333,25.0185773809524,25.0414642857143,24.8587619047619,24.8478095238095
"2023-09-20",25.0530357142857,25.0823095238095,25.0441130952381,25.0664166666667,24.8040833333333,24.7908154761905
"2023-09-21",25.0936845238095,25.1231011904762,25.0772738095238,25.0994345238095,24.7539880952381,24.7404464285714
"2023-09-22",25.1206547619048,25.150630952381,25.097625,25.1216369047619,24.6420892857143,24.6286785714286
"2023-09-23",25.1195119047619,25.14975,25.1107619047619,25.1350595238095,24.5386666666667,24.5261190476191
"2023-09-24",25.1000535714286,25.1318869047619,25.0773214285714,25.1039404761905,24.4934880952381,24.476630952381
"2023-09-25",25.1068154761905,25.1385238095238,25.0825238095238,25.1094404761905,24.4285238095238,24.4093571428571
"2023-09-26",25.0797083333333,25.1115595238095,25.0911547619048,25.1186607142857,24.4075654761905,24.3849642857143
"2023-09-27",25.0361726190476,25.0687142857143,25.0856666666667,25.1147738095238,24.4378154761905,24.417119047619
"2023-09-28",24.9564583333333,24.9898630952381,25.0443392857143,25.0741547619048,24.4200535714286,24.398494047619
"2023-09-29",24.9285357142857,24.9616488095238,25.0093214285714,25.036869047619,24.4431071428571,24.4205654761905
"2023-09-30",24.935744047619,24.9658630952381,24.9785833333333,25.0055476190476,24.4992023809524,24.4768095238095
"2023-10-01",24.941375,24.972494047619,24.9216547619048,24.9441607142857,24.5341785714286,24.5166607142857
"2023-10-02",24.9379404761905,24.9687559523809,24.8602202380952,24.8829880952381,24.5765714285714,24.5609285714286
"2023-10-03",24.9428333333333,24.9722023809524,24.7667202380952,24.7881904761905,24.5873154761905,24.5754107142857
"2023-10-04",24.9325892857143,24.9602380952381,24.6856964285714,24.706005952381,24.568,24.5540654761905
"2023-10-05",24.9358214285714,24.961005952381,24.6310297619048,24.6525,24.5762916666667,24.5623690476191
"2023-10-06",24.8190892857143,24.8451130952381,24.5680297619048,24.590755952381,24.6065892857143,24.5920833333333
"2023-10-07",24.6222976190476,24.6495833333333,24.481,24.5044464285714,24.5635416666667,24.546880952381
"2023-10-08",24.5050357142857,24.5314583333333,24.4450416666667,24.4681964285714,24.4411904761905,24.4223928571429
"2023-10-09",24.4713571428571,24.4986547619048,24.4435238095238,24.4669702380952,24.3577142857143,24.3331785714286
"2023-10-10",24.4260952380952,24.4543988095238,24.486494047619,24.5108035714286,24.3049404761905,24.2797023809524
"2023-10-11",24.2945714285714,24.3214285714286,24.511625,24.5362023809524,24.3050892857143,24.2792797619048
"2023-10-12",24.1436488095238,24.1746666666667,24.5341845238095,24.5567321428571,24.2953273809524,24.2696488095238
"2023-10-13",24.1137916666667,24.1430833333333,24.5181428571429,24.5432797619048,24.2593095238095,24.2323273809524
"2023-10-14",24.1903452380952,24.2293214285714,24.5544821428571,24.5803452380952,24.2805595238095,24.2557321428571
"2023-10-15",24.146244047619,24.1856369047619,24.6005,24.6306666666667,24.3836666666667,24.3562261904762
"2023-10-16",24.0498988095238,24.0878333333333,24.5404761904762,24.572505952381,24.4005892857143,24.3775892857143
"2023-10-17",24.0430654761905,24.079880952381,24.4673988095238,24.5008511904762,24.3381428571429,24.3154047619048
"2023-10-18",24.2065119047619,24.2450892857143,24.4896785714286,24.5232857142857,24.3035119047619,24.2832261904762
"2023-10-19",24.4069821428571,24.4435773809524,24.553869047619,24.5888035714286,24.3115952380952,24.2905833333333
"2023-10-20",24.5463988095238,24.5801369047619,24.6901666666667,24.7229761904762,24.3989702380952,24.3798333333333
"2023-10-21",24.5357916666667,24.5614464285714,24.7408095238095,24.7742142857143,24.5077678571429,24.485005952381
"2023-10-22",24.5550416666667,24.5806845238095,24.7185714285714,24.7495535714286,24.5561666666667,24.5322380952381
"2023-10-23",24.571,24.5969285714286,24.775880952381,24.804125,24.5206130952381,24.4955535714286
"2023-10-24",24.6308690476191,24.653,24.9003452380952,24.92775,24.5293630952381,24.5021666666667
"2023-10-25",24.7245476190476,24.7452202380952,24.9754345238095,25.0037202380952,24.6261607142857,24.5970833333333
"2023-10-26",24.7949821428571,24.8131964285714,25.0028452380952,25.0298392857143,24.7405238095238,24.7075595238095
"2023-10-27",24.9482321428571,24.9672857142857,25.0586011904762,25.083744047619,24.7931428571429,24.7604285714286
"2023-10-28",25.1979642857143,25.215744047619,25.2283154761905,25.2534523809524,24.8273869047619,24.7939464285714
"2023-10-29",25.3785476190476,25.3940654761905,25.3719702380952,25.3988571428571,24.9296488095238,24.8961964285714
"2023-10-30",25.5175238095238,25.5382619047619,25.4077142857143,25.4314464285714,25.014119047619,24.9810833333333
"2023-10-31",25.5796369047619,25.60675,25.4075595238095,25.4294464285714,25.0337797619048,25.0007380952381
"2023-11-01",25.6387678571429,25.6664880952381,25.4471785714286,25.4682023809524,24.9875,24.9544404761905
"2023-11-02",25.7063690476191,25.7355714285714,25.507244047619,25.5247797619048,24.9273452380952,24.8996130952381
"2023-11-03",25.6964166666667,25.7259285714286,25.5351607142857,25.5566071428571,24.951869047619,24.9231428571429
"2023-11-04",25.6735952380952,25.6996607142857,25.5352797619048,25.5561607142857,24.9409226190476,24.9159404761905
"2023-11-05",25.6763988095238,25.6968333333333,25.5679702380952,25.5873928571429,24.8796726190476,24.8555714285714
"2023-11-06",25.6410952380952,25.657494047619,25.5367678571429,25.5577619047619,24.8864464285714,24.8630535714286
"2023-11-07",25.6219166666667,25.6439583333333,25.5502619047619,25.5719523809524,24.9473511904762,24.9238214285714
"2023-11-08",25.5515178571429,25.5764345238095,25.5308333333333,25.553380952381,25.0108333333333,24.9864642857143
"2023-11-09",25.5198333333333,25.5464880952381,25.5142142857143,25.5415416666667,25.0700059523809,25.0482261904762
"2023-11-10",25.4497916666667,25.4801964285714,25.4391607142857,25.4577678571429,25.0170178571429,24.9945357142857
"2023-11-11",25.3992976190476,25.4344523809524,25.3108928571429,25.328630952381,24.9489047619048,24.9264523809524
"2023-11-12",25.4065119047619,25.4462738095238,25.19675,25.2142023809524,24.8847083333333,24.8644285714286
"2023-11-13",25.4596428571429,25.496369047619,25.2497619047619,25.2696785714286,24.9052380952381,24.8869761904762
"2023-11-14",25.464375,25.494625,25.2307023809524,25.2497380952381,25.0359642857143,25.0611785714286
"2023-11-15",25.46625,25.4885357142857,25.2291607142857,25.2454464285714,25.6864821428571,25.7485654761905
"2023-11-16",25.5325535714286,25.5517857142857,25.248869047619,25.263125,26.030875,26.1005952380952
"2023-11-17",25.7280119047619,25.6213273809524,25.2969880952381,25.3173273809524,26.3624583333333,26.44475
"2023-11-18",25.9153511904762,25.8413988095238,25.3995952380952,25.420375,26.6173392857143,26.7151130952381
"2023-11-19",26.1100238095238,26.0865833333333,25.6049702380952,25.6286428571429,26.8662202380952,26.9742023809524
"2023-11-20",NA,NA,NA,NA,NA,NA
"2023-11-21",NA,NA,NA,NA,NA,NA
"2023-11-22",NA,NA,NA,NA,NA,NA
"2023-11-23",NA,NA,NA,NA,NA,NA
"2023-11-24",NA,NA,NA,NA,NA,NA
"2023-11-25",NA,NA,NA,NA,NA,NA
