"","porifera","bryozoa","ascidiacea_c","ascidiacea_s","foraminifera","other_algae","annelida","bivalvia","hydrozoa","prokariotic_biotas","Cirripedia","No_Recruitment","Sediments","CCA"
"RODARMS1_02U",0,0,0,0,0,0,36.1111111111111,0,0,2.77777777777778,0,27.7777777777778,11.1111111111111,22.2222222222222
"RODARMS1_03D",0,16.1290322580645,0,6.45161290322581,0,0,0,3.2258064516129,0,6.45161290322581,0,41.9354838709677,0,25.8064516129032
"RODARMS1_03U",0,0,0,0,27.6595744680851,0,2.12765957446809,0,0,4.25531914893617,2.12765957446809,2.12765957446809,25.531914893617,36.1702127659575
"RODARMS1_04D",0,4.34782608695652,0,0,4.34782608695652,0,4.34782608695652,0,0,4.34782608695652,21.7391304347826,28.2608695652174,0,32.6086956521739
"RODARMS1_04U",0,0,0,0,0,0,33.3333333333333,0,0,2.56410256410256,0,5.12820512820513,33.3333333333333,25.6410256410256
"RODARMS1_05D",7.89473684210526,7.89473684210526,5.26315789473684,2.63157894736842,0,0,10.5263157894737,2.63157894736842,0,2.63157894736842,0,26.3157894736842,2.63157894736842,31.5789473684211
"RODARMS1_05U",0,4.25531914893617,0,0,21.2765957446809,2.12765957446809,0,0,0,2.12765957446809,6.38297872340426,21.2765957446809,14.8936170212766,27.6595744680851
"RODARMS1_06D",0,24.4444444444444,0,0,2.22222222222222,0,0,0,0,2.22222222222222,13.3333333333333,33.3333333333333,2.22222222222222,22.2222222222222
"RODARMS1_06U",5.12820512820513,0,2.56410256410256,2.56410256410256,0,0,30.7692307692308,0,0,0,0,30.7692307692308,17.9487179487179,10.2564102564103
"RODARMS1_07D",2.32558139534884,2.32558139534884,9.30232558139535,2.32558139534884,0,0,4.65116279069767,4.65116279069767,0,6.97674418604651,0,44.1860465116279,0,23.2558139534884
"RODARMS1_07U",2.12765957446809,4.25531914893617,0,0,25.531914893617,0,6.38297872340426,0,0,0,12.7659574468085,4.25531914893617,21.2765957446809,23.4042553191489
"RODARMS1_08D",4.16666666666667,33.3333333333333,0,0,2.08333333333333,0,8.33333333333333,0,0,4.16666666666667,27.0833333333333,14.5833333333333,0,6.25
"RODARMS1_08U",2.63157894736842,0,0,0,0,0,23.6842105263158,0,0,5.26315789473684,0,23.6842105263158,21.0526315789474,23.6842105263158
"RODARMS1_09D",5.88235294117647,8.8235294117647,8.82352941176471,8.8235294117647,0,0,2.94117647058824,2.94117647058824,0,14.7058823529412,0,26.4705882352941,0,20.5882352941176
"RODARMS1_09U",0,2.08333333333333,0,0,43.75,0,0,0,0,2.08333333333333,0,10.4166666666667,18.75,22.9166666666667
"RODARMS1_10D",0,0,0,0,16.2790697674419,0,0,0,11.6279069767442,18.6046511627907,2.32558139534884,20.9302325581395,0,30.2325581395349
"RODARMS2_02U",4.8780487804878,2.4390243902439,0,0,0,0,9.75609756097561,0,0,2.4390243902439,0,21.9512195121951,31.7073170731707,26.8292682926829
"RODARMS2_03D",7.5,2.5,0,0,0,2.5,17.5,7.5,0,2.5,0,30,0,30
"RODARMS2_03U",23.4042553191489,0,0,0,12.7659574468085,0,4.25531914893617,0,2.12765957446809,0,0,14.8936170212766,17.0212765957447,25.531914893617
"RODARMS2_04D",2.08333333333333,8.33333333333333,0,0,2.08333333333333,0,0,0,6.25,10.4166666666667,8.33333333333333,27.0833333333333,0,35.4166666666667
"RODARMS2_04U",0,0,0,0,0,0,31.4285714285714,0,0,5.71428571428571,0,14.2857142857143,17.1428571428571,31.4285714285714
"RODARMS2_05D",2.85714285714286,0,0,2.85714285714286,0,0,8.57142857142857,8.57142857142857,5.71428571428571,5.71428571428571,0,34.2857142857143,0,31.4285714285714
"RODARMS2_05U",2.12765957446809,2.12765957446809,0,0,10.6382978723404,0,10.6382978723404,0,0,6.38297872340426,0,6.38297872340426,34.0425531914894,27.6595744680851
"RODARMS2_06D",0,4,0,0,2,0,2,0,8,16,0,46,0,22
"RODARMS2_06U",0,0,0,0,0,0,33.3333333333333,0,0,3.03030303030303,0,21.2121212121212,9.09090909090909,33.3333333333333
"RODARMS2_07D",11.7647058823529,11.7647058823529,5.88235294117647,0,0,0,5.88235294117647,0,2.94117647058824,2.94117647058824,0,26.4705882352941,0,32.3529411764706
"RODARMS2_07U",11.1111111111111,2.22222222222222,0,0,20,0,0,0,0,2.22222222222222,0,4.44444444444444,33.3333333333333,26.6666666666667
"RODARMS2_08D",2.12765957446809,10.6382978723404,0,0,2.12765957446809,0,0,0,2.12765957446809,10.6382978723404,2.12765957446809,34.0425531914894,0,36.1702127659575
"RODARMS2_08U",0,2.94117647058824,0,0,0,0,17.6470588235294,0,0,5.88235294117647,0,20.5882352941176,17.6470588235294,35.2941176470588
"RODARMS2_09D",0,3.03030303030303,6.06060606060606,6.06060606060606,0,0,12.1212121212121,0,0,3.03030303030303,0,39.3939393939394,0,30.3030303030303
"RODARMS2_09U",2.12765957446809,2.12765957446809,0,0,23.4042553191489,0,2.12765957446809,8.51063829787234,0,8.51063829787234,0,8.51063829787234,10.6382978723404,34.0425531914894
"RODARMS2_10D",4.08163265306122,14.2857142857143,2.04081632653061,0,16.3265306122449,0,6.12244897959184,0,0,16.3265306122449,0,24.4897959183673,0,16.3265306122449
"RODARMS3_02U",14.2857142857143,0,0,0,0,0,19.047619047619,0,0,0,0,21.4285714285714,23.8095238095238,21.4285714285714
"RODARMS3_03D",7.69230769230769,10.2564102564103,2.56410256410256,0,0,0,0,0,2.56410256410256,7.69230769230769,0,38.4615384615385,0,30.7692307692308
"RODARMS3_03U",20.8333333333333,0,0,0,18.75,0,10.4166666666667,0,0,2.08333333333333,0,14.5833333333333,12.5,20.8333333333333
"RODARMS3_04D",14.8936170212766,0,0,0,14.8936170212766,0,2.12765957446809,2.12765957446809,0,12.7659574468085,0,29.7872340425532,0,23.4042553191489
"RODARMS3_04U",11.1111111111111,0,0,0,0,0,36.1111111111111,0,0,2.77777777777778,0,11.1111111111111,16.6666666666667,22.2222222222222
"RODARMS3_05D",11.1111111111111,2.77777777777778,8.33333333333333,0,0,0,8.33333333333333,0,0,8.33333333333333,0,38.8888888888889,0,22.2222222222222
"RODARMS3_05U",12,0,0,0,4,0,12,0,0,6,0,4,24,38
"RODARMS3_06D",2.22222222222222,4.44444444444444,2.22222222222222,0,6.66666666666667,0,8.88888888888889,0,0,13.3333333333333,0,28.8888888888889,0,33.3333333333333
"RODARMS3_06U",11.9047619047619,0,0,2.38095238095238,0,0,14.2857142857143,0,0,9.52380952380952,0,19.047619047619,9.52380952380952,33.3333333333333
"RODARMS3_07D",10,0,12.5,0,0,0,0,0,0,7.5,0,42.5,0,27.5
"RODARMS3_07U",42.5531914893617,0,0,0,12.7659574468085,0,2.12765957446809,0,0,2.12765957446809,0,2.12765957446809,6.38297872340426,31.9148936170213
"RODARMS3_08D",18.3673469387755,4.08163265306122,2.04081632653061,0,16.3265306122449,0,0,0,0,4.08163265306122,0,14.2857142857143,0,40.8163265306122
"RODARMS3_08U",4.76190476190476,0,0,0,0,0,9.52380952380952,0,0,11.9047619047619,0,16.6666666666667,28.5714285714286,28.5714285714286
"RODARMS3_09D",0,2.85714285714286,0,5.71428571428571,0,0,2.85714285714286,2.85714285714286,0,20,0,40,0,25.7142857142857
"RODARMS3_09U",8.16326530612245,0,0,0,32.6530612244898,0,0,0,0,4.08163265306122,0,6.12244897959184,14.2857142857143,34.6938775510204
"RODARMS3_10D",6.38297872340426,6.38297872340426,8.51063829787234,0,12.7659574468085,0,6.38297872340426,0,0,31.9148936170213,0,10.6382978723404,0,17.0212765957447
"RODARMS4_02U",4.65116279069767,39.5348837209302,2.32558139534884,0,6.97674418604651,6.97674418604651,9.30232558139535,0,0,2.32558139534884,0,11.6279069767442,0,16.2790697674419
"RODARMS4_03D",8.10810810810811,45.945945945946,10.8108108108108,0,2.7027027027027,5.40540540540541,2.7027027027027,5.40540540540541,0,0,0,8.10810810810811,0,10.8108108108108
"RODARMS4_03U",25,10.4166666666667,2.08333333333333,0,25,6.25,4.16666666666667,0,0,0,8.33333333333333,4.16666666666667,4.16666666666667,10.4166666666667
"RODARMS4_04D",0,39.5833333333333,29.1666666666667,0,2.08333333333333,2.08333333333333,0,6.25,0,2.08333333333333,4.16666666666667,6.25,0,8.33333333333333
"RODARMS4_04U",14.2857142857143,14.2857142857143,0,2.38095238095238,9.52380952380952,0,11.9047619047619,0,0,0,0,4.76190476190476,11.9047619047619,30.952380952381
"RODARMS4_05D",0,22.2222222222222,11.1111111111111,0,0,0,11.1111111111111,5.55555555555556,0,8.33333333333333,0,16.6666666666667,0,25
"RODARMS4_05U",30,10,0,0,20,4,2,0,0,2,0,4,0,28
"RODARMS4_06D",0,46,12,0,8,0,8,4,2,0,4,2,0,14
"RODARMS4_06U",13.5135135135135,8.10810810810811,0,0,2.7027027027027,0,16.2162162162162,0,0,5.40540540540541,0,10.8108108108108,8.10810810810811,35.1351351351351
"RODARMS4_07D",19.5121951219512,7.31707317073171,7.31707317073171,2.4390243902439,0,4.8780487804878,7.31707317073171,12.1951219512195,0,2.4390243902439,0,7.31707317073171,0,29.2682926829268
"RODARMS4_07U",8.69565217391304,15.2173913043478,2.17391304347826,0,23.9130434782609,2.17391304347826,6.52173913043478,2.17391304347826,0,8.69565217391304,2.17391304347826,13.0434782608696,0,15.2173913043478
"RODARMS4_08D",6.12244897959184,32.6530612244898,6.12244897959184,0,14.2857142857143,0,0,4.08163265306122,2.04081632653061,6.12244897959184,4.08163265306122,6.12244897959184,2.04081632653061,16.3265306122449
"RODARMS4_08U",7.89473684210526,13.1578947368421,0,0,2.63157894736842,0,15.7894736842105,0,2.63157894736842,0,0,2.63157894736842,26.3157894736842,28.9473684210526
"RODARMS4_09D",22.5806451612903,29.0322580645161,0,0,0,0,3.2258064516129,6.45161290322581,0,3.2258064516129,0,16.1290322580645,0,19.3548387096774
"RODARMS4_09U",10.6382978723404,6.38297872340426,17.0212765957447,0,17.0212765957447,2.12765957446809,0,4.25531914893617,0,4.25531914893617,2.12765957446809,2.12765957446809,2.12765957446809,31.9148936170213
"RODARMS4_10D",4.16666666666667,52.0833333333333,14.5833333333333,0,0,0,0,8.33333333333333,0,2.08333333333333,0,0,0,18.75
"RODARMS5_02U",5,30,0,0,0,0,10,0,0,5,0,5,20,25
"RODARMS5_03D",14.7058823529412,23.5294117647059,8.8235294117647,0,2.94117647058824,0,5.88235294117647,0,0,2.94117647058824,2.94117647058824,17.6470588235294,2.94117647058824,17.6470588235294
"RODARMS5_03U",2.12765957446809,38.2978723404255,0,0,8.51063829787234,4.25531914893617,6.38297872340426,0,2.12765957446809,4.25531914893617,0,6.38297872340426,0,27.6595744680851
"RODARMS5_04D",0,62,0,0,2,0,2,0,2,0,0,4,0,28
"RODARMS5_04U",6.25,15.625,0,0,0,0,12.5,0,0,0,0,28.125,15.625,21.875
"RODARMS5_05D",8.57142857142857,40,5.71428571428571,0,0,0,5.71428571428571,2.85714285714286,0,2.85714285714286,0,14.2857142857143,0,20
"RODARMS5_05U",6.38297872340426,40.4255319148936,2.12765957446809,0,12.7659574468085,0,2.12765957446809,0,2.12765957446809,2.12765957446809,2.12765957446809,0,2.12765957446809,27.6595744680851
"RODARMS5_06D",19.1489361702128,31.9148936170213,2.12765957446809,0,6.38297872340426,0,4.25531914893617,0,4.25531914893617,6.38297872340426,6.38297872340426,4.25531914893617,0,14.8936170212766
"RODARMS5_06U",5.12820512820513,2.56410256410256,0,0,0,0,20.5128205128205,2.56410256410256,0,0,0,17.9487179487179,15.3846153846154,35.8974358974359
"RODARMS5_07D",7.69230769230769,23.0769230769231,2.56410256410256,0,0,0,10.2564102564103,2.56410256410256,0,2.56410256410256,0,17.9487179487179,0,33.3333333333333
"RODARMS5_07U",4.16666666666667,45.8333333333333,6.25,0,8.33333333333333,0,0,0,4.16666666666667,4.16666666666667,0,4.16666666666667,2.08333333333333,20.8333333333333
"RODARMS5_08D",0,59.1836734693878,16.3265306122449,0,2.04081632653061,0,0,0,0,0,4.08163265306122,0,0,18.3673469387755
"RODARMS5_08U",14.7058823529412,32.3529411764706,29.4117647058824,0,2.94117647058824,0,0,2.94117647058824,0,0,0,11.7647058823529,0,5.88235294117647
"RODARMS5_09D",0,31.5789473684211,0,0,0,0,15.7894736842105,0,0,2.63157894736842,0,21.0526315789474,10.5263157894737,18.4210526315789
"RODARMS5_09U",4.08163265306122,42.8571428571429,2.04081632653061,0,6.12244897959184,0,0,4.08163265306122,0,4.08163265306122,2.04081632653061,2.04081632653061,2.04081632653061,30.6122448979592
"RODARMS5_10D",2.12765957446809,59.5744680851064,10.6382978723404,0,0,0,0,0,4.25531914893617,2.12765957446809,4.25531914893617,6.38297872340426,0,10.6382978723404
"RODARMS6_02U",0,17.9487179487179,0,0,2.56410256410256,0,20.5128205128205,5.12820512820513,0,0,0,28.2051282051282,12.8205128205128,12.8205128205128
"RODARMS6_03D",10,12.5,7.5,0,0,0,2.5,15,0,0,0,17.5,0,35
"RODARMS6_03U",17.3913043478261,30.4347826086957,0,0,19.5652173913043,0,2.17391304347826,8.69565217391304,0,0,0,0,2.17391304347826,19.5652173913043
"RODARMS6_04D",10.8695652173913,28.2608695652174,0,0,4.34782608695652,0,0,8.69565217391304,0,0,17.3913043478261,10.8695652173913,0,19.5652173913043
"RODARMS6_04U",0,4.65116279069767,0,11.6279069767442,0,0,37.2093023255814,0,0,0,0,23.2558139534884,11.6279069767442,11.6279069767442
"RODARMS6_05D",19.5121951219512,9.75609756097561,14.6341463414634,0,0,0,2.4390243902439,14.6341463414634,0,0,0,24.390243902439,0,14.6341463414634
"RODARMS6_05U",2.12765957446809,61.7021276595745,0,0,4.25531914893617,0,0,0,0,0,6.38297872340426,0,0,25.531914893617
"RODARMS6_06D",0,48.9795918367347,8.16326530612245,0,4.08163265306122,0,2.04081632653061,4.08163265306122,0,2.04081632653061,12.2448979591837,2.04081632653061,0,16.3265306122449
"RODARMS6_06U",5.55555555555556,13.8888888888889,0,0,2.77777777777778,0,16.6666666666667,2.77777777777778,0,13.8888888888889,0,13.8888888888889,8.33333333333333,22.2222222222222
"RODARMS6_07D",12.5,34.375,18.75,0,0,0,6.25,0,0,0,0,9.375,0,18.75
"RODARMS6_07U",15.2173913043478,45.6521739130435,0,0,2.17391304347826,0,0,2.17391304347826,0,8.69565217391304,0,0,0,26.0869565217391
"RODARMS6_08D",6.38297872340426,65.9574468085106,4.25531914893617,0,8.51063829787234,0,0,2.12765957446809,0,0,0,0,0,12.7659574468085
"RODARMS6_08U",8.33333333333333,8.33333333333333,0,0,0,0,22.2222222222222,0,0,0,0,25,11.1111111111111,25
"RODARMS6_09D",5.71428571428571,28.5714285714286,2.85714285714286,0,0,0,2.85714285714286,14.2857142857143,0,5.71428571428571,0,8.57142857142857,0,31.4285714285714
"RODARMS6_09U",6,42,0,0,12,0,2,2,0,0,4,4,0,28
"RODARMS6_10D",4.16666666666667,47.9166666666667,12.5,0,0,0,0,6.25,2.08333333333333,2.08333333333333,4.16666666666667,2.08333333333333,0,18.75
"RODARMS7_02U",6.06060606060606,6.06060606060606,0,0,0,0,12.1212121212121,0,0,6.06060606060606,0,24.2424242424242,30.3030303030303,15.1515151515152
"RODARMS7_03D",5.71428571428571,31.4285714285714,0,0,0,0,0,0,8.57142857142857,14.2857142857143,0,14.2857142857143,0,25.7142857142857
"RODARMS7_03U",0,25,0,0,6.25,0,22.9166666666667,0,0,8.33333333333333,0,0,20.8333333333333,16.6666666666667
"RODARMS7_04D",0,31.25,0,0,2.08333333333333,0,10.4166666666667,0,29.1666666666667,4.16666666666667,2.08333333333333,4.16666666666667,0,16.6666666666667
"RODARMS7_04U",11.1111111111111,2.77777777777778,0,0,0,0,27.7777777777778,0,0,5.55555555555556,0,36.1111111111111,13.8888888888889,2.77777777777778
"RODARMS7_05D",26.3157894736842,10.5263157894737,2.63157894736842,0,0,0,5.26315789473684,0,0,5.26315789473684,0,21.0526315789474,2.63157894736842,26.3157894736842
"RODARMS7_05U",12.2448979591837,24.4897959183673,0,0,0,0,10.2040816326531,0,0,10.2040816326531,2.04081632653061,2.04081632653061,24.4897959183673,14.2857142857143
"RODARMS7_06D",6.38297872340426,55.3191489361702,0,0,6.38297872340426,0,8.51063829787234,0,0,6.38297872340426,2.12765957446809,2.12765957446809,0,12.7659574468085
"RODARMS7_06U",5.40540540540541,8.10810810810811,0,0,0,0,24.3243243243243,0,0,0,0,8.10810810810811,37.8378378378378,16.2162162162162
"RODARMS7_07D",27.2727272727273,21.2121212121212,3.03030303030303,0,0,0,12.1212121212121,3.03030303030303,3.03030303030303,3.03030303030303,0,24.2424242424242,0,3.03030303030303
"RODARMS7_07U",4.16666666666667,52.0833333333333,0,0,2.08333333333333,0,0,2.08333333333333,2.08333333333333,10.4166666666667,0,0,14.5833333333333,12.5
"RODARMS7_08D",2.22222222222222,55.5555555555556,4.44444444444444,0,0,0,2.22222222222222,2.22222222222222,8.88888888888889,6.66666666666667,0,6.66666666666667,0,11.1111111111111
"RODARMS7_08U",20,3.33333333333333,0,0,0,0,10,0,0,0,0,10,33.3333333333333,23.3333333333333
"RODARMS7_09D",25.7142857142857,22.8571428571429,5.71428571428571,0,2.85714285714286,0,11.4285714285714,0,0,11.4285714285714,0,11.4285714285714,0,8.57142857142857
"RODARMS7_09U",0,19.5652173913043,8.69565217391304,0,8.69565217391304,0,4.34782608695652,0,0,10.8695652173913,0,10.8695652173913,19.5652173913043,17.3913043478261
"RODARMS7_10D",12.5,47.9166666666667,14.5833333333333,0,2.08333333333333,0,0,10.4166666666667,0,0,0,0,0,12.5
"RODARMS8_02U",3.03030303030303,3.03030303030303,0,0,0,0,42.4242424242424,0,0,0,0,12.1212121212121,24.2424242424242,15.1515151515152
"RODARMS8_03D",14.2857142857143,14.2857142857143,0,0,0,0,8.57142857142857,2.85714285714286,0,5.71428571428571,0,28.5714285714286,2.85714285714286,22.8571428571429
"RODARMS8_03U",6.25,18.75,0,0,4.16666666666667,0,14.5833333333333,0,0,4.16666666666667,0,0,31.25,20.8333333333333
"RODARMS8_04D",2.08333333333333,37.5,12.5,0,2.08333333333333,0,10.4166666666667,4.16666666666667,0,0,4.16666666666667,6.25,2.08333333333333,18.75
"RODARMS8_04U",7.69230769230769,0,0,0,0,0,7.69230769230769,2.56410256410256,0,2.56410256410256,0,5.12820512820513,43.5897435897436,30.7692307692308
"RODARMS8_05D",15.7894736842105,13.1578947368421,0,0,0,0,21.0526315789474,7.89473684210526,2.63157894736842,15.7894736842105,0,7.89473684210526,0,15.7894736842105
"RODARMS8_05U",4.08163265306122,12.2448979591837,0,0,4.08163265306122,2.04081632653061,26.530612244898,0,2.04081632653061,4.08163265306122,2.04081632653061,0,26.530612244898,16.3265306122449
"RODARMS8_06D",6.38297872340426,31.9148936170213,0,0,2.12765957446809,0,34.0425531914894,0,0,2.12765957446809,2.12765957446809,2.12765957446809,0,19.1489361702128
"RODARMS8_06U",0,4.44444444444444,0,0,0,0,35.5555555555556,0,0,2.22222222222222,0,4.44444444444444,33.3333333333333,20
"RODARMS8_07D",28.2051282051282,10.2564102564103,2.56410256410256,0,0,0,23.0769230769231,0,0,0,0,12.8205128205128,0,23.0769230769231
"RODARMS8_07U",12.5,4.16666666666667,0,0,2.08333333333333,0,16.6666666666667,0,0,0,0,0,50,14.5833333333333
"RODARMS8_08D",13.6363636363636,27.2727272727273,0,0,0,0,38.6363636363636,0,0,4.54545454545455,0,2.27272727272727,6.81818181818182,6.81818181818182
"RODARMS8_08U",5,20,0,0,0,0,22.5,0,0,12.5,0,20,2.5,17.5
"RODARMS8_09D",10.5263157894737,10.5263157894737,5.26315789473684,0,0,0,15.7894736842105,0,7.89473684210526,5.26315789473684,0,21.0526315789474,0,23.6842105263158
"RODARMS8_09U",8.33333333333333,25,0,0,12.5,0,4.16666666666667,0,0,2.08333333333333,0,0,12.5,35.4166666666667
"RODARMS8_10D",2.04081632653061,75.5102040816327,4.08163265306122,0,6.12244897959184,0,2.04081632653061,0,0,0,0,0,0,10.2040816326531
"P50ARMS1A_1T",0,0,0,0,0,0,40.5405405405405,16.2162162162162,0,0,0,21.6216216216216,2.7027027027027,18.9189189189189
"P50ARMS1A_2B",2.5,0,7.5,0,0,0,25,17.5,0,0,0,47.5,0,0
"P50ARMS1A_2T",8.16326530612245,2.04081632653061,0,0,0,0,26.530612244898,24.4897959183673,0,0,0,16.3265306122449,10.2040816326531,12.2448979591837
"P50ARMS1A_3B",4.25531914893617,0,2.12765957446809,0,0,0,17.0212765957447,46.8085106382979,0,0,0,29.7872340425532,0,0
"P50ARMS1A_3T",7.69230769230769,0,0,0,0,0,28.2051282051282,12.8205128205128,0,0,0,23.0769230769231,5.12820512820513,23.0769230769231
"P50ARMS1A_4B",11.1111111111111,0,11.1111111111111,0,0,0,22.2222222222222,16.6666666666667,0,0,0,36.1111111111111,0,2.77777777777778
"P50ARMS1A_4T",6,0,0,0,0,0,2,40,12,0,0,22,10,8
"P50ARMS1A_5B",20.8333333333333,0,0,0,0,0,4.16666666666667,37.5,2.08333333333333,0,0,31.25,0,4.16666666666667
"P50ARMS1A_5T",3.03030303030303,3.03030303030303,0,0,3.03030303030303,0,6.06060606060606,0,9.09090909090909,0,0,51.5151515151515,12.1212121212121,12.1212121212121
"P50ARMS1A_6B",17.8571428571429,7.14285714285714,0,0,0,0,25,10.7142857142857,0,3.57142857142857,0,28.5714285714286,0,7.14285714285714
"P50ARMS1A_6T",6.25,0,0,0,0,0,10.4166666666667,39.5833333333333,6.25,0,0,6.25,25,6.25
"P50ARMS1A_7B",32.6530612244898,0,0,0,2.04081632653061,0,22.4489795918367,18.3673469387755,0,0,0,24.4897959183673,0,0
"P50ARMS1A_7T",2.32558139534884,0,2.32558139534884,0,0,0,6.97674418604651,11.6279069767442,4.65116279069767,0,0,46.5116279069767,13.953488372093,11.6279069767442
"P50ARMS1A_8B",10.8108108108108,2.7027027027027,2.7027027027027,0,0,0,37.8378378378378,10.8108108108108,0,0,0,27.027027027027,0,8.10810810810811
"P50ARMS1A_8T",8.16326530612245,0,0,0,0,0,20.4081632653061,24.4897959183673,0,0,0,16.3265306122449,12.2448979591837,18.3673469387755
"P50ARMS1A_9B",10.2040816326531,0,0,0,0,0,36.734693877551,16.3265306122449,0,0,0,30.6122448979592,0,6.12244897959184
"P50ARMS1B_1T",0,6.06060606060606,0,0,0,0,42.4242424242424,3.03030303030303,0,3.03030303030303,0,24.2424242424242,9.09090909090909,12.1212121212121
"P50ARMS1B_2B",0,7.40740740740741,11.1111111111111,0,0,0,33.3333333333333,3.7037037037037,0,0,0,44.4444444444444,0,0
"P50ARMS1B_2T",4.16666666666667,0,0,0,0,0,35.4166666666667,14.5833333333333,0,0,0,2.08333333333333,12.5,31.25
"P50ARMS1B_3B",4.08163265306122,0,2.04081632653061,0,0,0,48.9795918367347,32.6530612244898,0,0,0,12.2448979591837,0,0
"P50ARMS1B_3T",0,3.03030303030303,0,0,0,0,33.3333333333333,6.06060606060606,0,3.03030303030303,0,24.2424242424242,12.1212121212121,18.1818181818182
"P50ARMS1B_4B",2.56410256410256,0,12.8205128205128,0,0,0,35.8974358974359,20.5128205128205,0,0,0,23.0769230769231,0,5.12820512820513
"P50ARMS1B_4T",2.12765957446809,4.25531914893617,0,0,0,0,12.7659574468085,34.0425531914894,0,0,0,10.6382978723404,14.8936170212766,21.2765957446809
"P50ARMS1B_5B",6.12244897959184,0,10.2040816326531,0,0,0,28.5714285714286,22.4489795918367,0,6.12244897959184,0,24.4897959183673,2.04081632653061,0
"P50ARMS1B_5T",20,0,0,0,0,0,25,0,0,2.5,0,27.5,22.5,2.5
"P50ARMS1B_6B",5.40540540540541,0,13.5135135135135,0,0,0,8.10810810810811,29.7297297297297,0,0,0,37.8378378378378,0,5.40540540540541
"P50ARMS1B_6T",2.04081632653061,0,0,0,0,0,22.4489795918367,26.530612244898,0,0,0,16.3265306122449,12.2448979591837,20.4081632653061
"P50ARMS1B_7B",10.4166666666667,2.08333333333333,4.16666666666667,0,0,0,43.75,16.6666666666667,0,2.08333333333333,0,14.5833333333333,2.08333333333333,4.16666666666667
"P50ARMS1B_7T",8.57142857142857,0,0,0,0,0,17.1428571428571,2.85714285714286,0,0,0,51.4285714285714,2.85714285714286,17.1428571428571
"P50ARMS1B_8B",2.32558139534884,0,16.2790697674419,0,0,0,6.97674418604651,13.953488372093,0,2.32558139534884,0,58.1395348837209,0,0
"P50ARMS1B_8T",4.08163265306122,0,0,0,0,0,20.4081632653061,24.4897959183673,0,0,0,12.2448979591837,18.3673469387755,20.4081632653061
"P50ARMS1B_9B",6.38297872340426,0,14.8936170212766,0,0,0,29.7872340425532,25.531914893617,0,4.25531914893617,0,17.0212765957447,0,2.12765957446809
"P50ARMS1C_1T",2.85714285714286,5.71428571428571,0,0,0,0,20,5.71428571428571,0,0,0,45.7142857142857,2.85714285714286,17.1428571428571
"P50ARMS1C_2B",10.8108108108108,2.7027027027027,0,0,0,0,45.945945945946,13.5135135135135,0,0,0,24.3243243243243,0,2.7027027027027
"P50ARMS1C_2T",0,4.34782608695652,0,0,0,0,19.5652173913043,45.6521739130435,0,2.17391304347826,0,15.2173913043478,4.34782608695652,8.69565217391304
"P50ARMS1C_3B",10.8695652173913,2.17391304347826,0,0,0,0,30.4347826086957,28.2608695652174,0,6.52173913043478,0,15.2173913043478,0,6.52173913043478
"P50ARMS1C_3T",0,0,0,0,0,0,18.75,9.375,0,3.125,0,28.125,9.375,31.25
"P50ARMS1C_4B",11.4285714285714,2.85714285714286,5.71428571428571,0,0,0,8.57142857142857,14.2857142857143,0,11.4285714285714,0,40,0,5.71428571428571
"P50ARMS1C_4T",4.25531914893617,0,0,0,2.12765957446809,0,10.6382978723404,29.7872340425532,0,0,0,19.1489361702128,10.6382978723404,23.4042553191489
"P50ARMS1C_5B",6.38297872340426,6.38297872340426,0,0,2.12765957446809,0,12.7659574468085,42.5531914893617,0,4.25531914893617,0,17.0212765957447,0,8.51063829787234
"P50ARMS1C_5T",0,5.71428571428571,0,0,2.85714285714286,0,8.57142857142857,14.2857142857143,5.71428571428571,0,0,34.2857142857143,5.71428571428571,22.8571428571429
"P50ARMS1C_6B",8.8235294117647,2.94117647058824,5.88235294117647,0,0,0,20.5882352941176,23.5294117647059,0,8.82352941176471,0,23.5294117647059,0,5.88235294117647
"P50ARMS1C_6T",6,8,0,0,2,0,8,40,0,0,0,14,10,12
"P50ARMS1C_7B",4.16666666666667,2.08333333333333,0,0,6.25,0,29.1666666666667,25,0,0,0,31.25,0,2.08333333333333
"P50ARMS1C_7T",10,2.5,0,0,0,0,7.5,5,0,2.5,0,40,5,27.5
"P50ARMS1C_8B",13.6363636363636,0,2.27272727272727,0,0,0,4.54545454545455,25,2.27272727272727,6.81818181818182,0,43.1818181818182,0,2.27272727272727
"P50ARMS1C_8T",2.12765957446809,0,0,0,0,0,14.8936170212766,57.4468085106383,0,0,0,17.0212765957447,4.25531914893617,4.25531914893617
"P50ARMS1C_9B",12.2448979591837,2.04081632653061,2.04081632653061,0,0,0,28.5714285714286,30.6122448979592,0,0,0,24.4897959183673,0,0
"P50ARMS2A_1T",10.8108108108108,0,0,0,0,0,32.4324324324324,2.7027027027027,5.40540540540541,5.40540540540541,0,13.5135135135135,0,29.7297297297297
"P50ARMS2A_2B",19.5121951219512,17.0731707317073,12.1951219512195,0,2.4390243902439,0,12.1951219512195,0,0,7.31707317073171,0,26.8292682926829,0,2.4390243902439
"P50ARMS2A_2T",41.6666666666667,4.16666666666667,0,0,8.33333333333333,0,4.16666666666667,4.16666666666667,2.08333333333333,12.5,0,12.5,0,10.4166666666667
"P50ARMS2A_3B",17.3913043478261,30.4347826086956,17.3913043478261,0,2.17391304347826,0,17.3913043478261,0,2.17391304347826,8.69565217391304,0,4.34782608695652,0,0
"P50ARMS2A_3T",0,0,0,0,0,0,35.2941176470588,0,14.7058823529412,2.94117647058824,0,32.3529411764706,0,14.7058823529412
"P50ARMS2A_4B",22.8571428571429,11.4285714285714,17.1428571428571,0,2.85714285714286,0,17.1428571428571,0,0,2.85714285714286,0,25.7142857142857,0,0
"P50ARMS2A_4T",43.75,2.08333333333333,2.08333333333333,0,16.6666666666667,0,2.08333333333333,0,0,2.08333333333333,0,27.0833333333333,4.16666666666667,0
"P50ARMS2A_5B",34.6938775510204,20.4081632653061,18.3673469387755,2.04081632653061,4.08163265306122,0,2.04081632653061,2.04081632653061,0,6.12244897959184,0,8.16326530612245,0,2.04081632653061
"P50ARMS2A_5T",17.6470588235294,5.88235294117647,0,0,2.94117647058824,0,11.7647058823529,0,14.7058823529412,0,0,26.4705882352941,11.7647058823529,8.82352941176471
"P50ARMS2A_6B",20,14.2857142857143,31.4285714285714,0,0,0,0,0,0,5.71428571428571,0,25.7142857142857,2.85714285714286,0
"P50ARMS2A_6T",52.0833333333333,0,0,0,10.4166666666667,0,0,4.16666666666667,2.08333333333333,0,0,12.5,8.33333333333333,10.4166666666667
"P50ARMS2A_7B",35.4166666666667,31.25,16.6666666666667,0,2.08333333333333,0,0,0,0,4.16666666666667,0,8.33333333333333,2.08333333333333,0
"P50ARMS2A_7T",15.7894736842105,2.63157894736842,7.89473684210526,0,2.63157894736842,0,5.26315789473684,0,5.26315789473684,5.26315789473684,0,36.8421052631579,5.26315789473684,13.1578947368421
"P50ARMS2A_8B",11.4285714285714,5.71428571428571,31.4285714285714,0,0,0,2.85714285714286,2.85714285714286,0,0,0,37.1428571428571,2.85714285714286,5.71428571428571
"P50ARMS2A_8T",36.734693877551,8.16326530612245,8.16326530612245,0,12.2448979591837,0,0,0,0,2.04081632653061,0,8.16326530612245,2.04081632653061,22.4489795918367
"P50ARMS2A_9B",32,22,12,0,6,0,2,2,0,16,0,4,0,4
"P50ARMS2B_1T",0,10.2564102564103,0,0,5.12820512820513,0,28.2051282051282,0,0,5.12820512820513,0,25.6410256410256,0,25.6410256410256
"P50ARMS2B_2B",0,11.7647058823529,41.1764705882353,0,0,0,14.7058823529412,2.94117647058824,0,0,0,20.5882352941176,0,8.82352941176471
"P50ARMS2B_2T",2.04081632653061,20.4081632653061,0,0,24.4897959183673,0,8.16326530612245,0,0,8.16326530612245,0,18.3673469387755,0,18.3673469387755
"P50ARMS2B_3B",0,50,48,0,0,0,0,0,0,0,0,0,0,2
"P50ARMS2B_3T",0,28.9473684210526,0,0,0,0,15.7894736842105,0,0,2.63157894736842,0,31.5789473684211,0,21.0526315789474
"P50ARMS2B_4B",7.89473684210526,15.7894736842105,31.5789473684211,0,0,0,7.89473684210526,0,0,2.63157894736842,0,28.9473684210526,0,5.26315789473684
"P50ARMS2B_4T",0,27.0833333333333,2.08333333333333,0,6.25,0,2.08333333333333,0,0,12.5,0,18.75,0,31.25
"P50ARMS2B_5B",4.08163265306122,36.734693877551,30.6122448979592,0,0,0,0,0,0,6.12244897959184,0,14.2857142857143,0,8.16326530612245
"P50ARMS2B_5T",5.12820512820513,25.6410256410256,0,0,0,0,7.69230769230769,0,5.12820512820513,5.12820512820513,0,17.9487179487179,0,33.3333333333333
"P50ARMS2B_6B",8.10810810810811,21.6216216216216,29.7297297297297,0,0,0,5.40540540540541,0,0,8.10810810810811,0,24.3243243243243,0,2.7027027027027
"P50ARMS2B_6T",0,22.4489795918367,10.2040816326531,0,8.16326530612245,0,22.4489795918367,0,0,6.12244897959184,0,6.12244897959184,0,24.4897959183673
"P50ARMS2B_7B",0,42.8571428571429,18.3673469387755,0,4.08163265306122,0,18.3673469387755,0,0,2.04081632653061,0,10.2040816326531,0,4.08163265306122
"P50ARMS2B_7T",2.85714285714286,20,2.85714285714286,0,2.85714285714286,0,5.71428571428571,0,2.85714285714286,5.71428571428571,0,45.7142857142857,0,11.4285714285714
"P50ARMS2B_8B",16.2790697674419,25.5813953488372,27.906976744186,0,0,0,4.65116279069767,0,0,2.32558139534884,0,23.2558139534884,0,0
"P50ARMS2B_8T",0,54.1666666666667,0,0,14.5833333333333,0,4.16666666666667,0,0,0,0,6.25,0,20.8333333333333
"P50ARMS2B_9B",0,39.5833333333333,37.5,0,6.25,0,10.4166666666667,0,0,0,0,4.16666666666667,0,2.08333333333333
"P50ARMS2C_1T",0,4.54545454545455,0,0,2.27272727272727,0,22.7272727272727,0,0,20.4545454545455,0,36.3636363636364,0,13.6363636363636
"P50ARMS2C_2B",17.5,20,20,0,2.5,0,10,0,0,0,0,30,0,0
"P50ARMS2C_2T",41.6666666666667,8.33333333333333,0,0,6.25,0,4.16666666666667,2.08333333333333,0,4.16666666666667,0,22.9166666666667,2.08333333333333,8.33333333333333
"P50ARMS2C_3B",31.25,14.5833333333333,20.8333333333333,0,12.5,0,2.08333333333333,2.08333333333333,0,0,0,16.6666666666667,0,0
"P50ARMS2C_3T",7.89473684210526,5.26315789473684,0,0,5.26315789473684,0,21.0526315789474,0,0,2.63157894736842,0,31.5789473684211,0,26.3157894736842
"P50ARMS2C_4B",9.52380952380952,9.52380952380952,23.8095238095238,0,4.76190476190476,0,2.38095238095238,0,0,0,0,45.2380952380952,0,4.76190476190476
"P50ARMS2C_4T",24,18,0,0,22,0,2,0,2,0,0,20,2,10
"P50ARMS2C_5B",31.25,6.25,22.9166666666667,0,8.33333333333333,0,0,2.08333333333333,0,6.25,0,18.75,0,4.16666666666667
"P50ARMS2C_5T",12.5,2.5,0,0,7.5,0,12.5,0,0,10,0,25,0,30
"P50ARMS2C_6B",7.69230769230769,5.12820512820513,41.025641025641,0,0,0,0,2.56410256410256,2.56410256410256,0,0,38.4615384615385,0,2.56410256410256
"P50ARMS2C_6T",37.5,8.33333333333333,0,0,14.5833333333333,0,6.25,2.08333333333333,0,4.16666666666667,0,10.4166666666667,8.33333333333333,8.33333333333333
"P50ARMS2C_7B",51.063829787234,2.12765957446809,8.51063829787234,0,8.51063829787234,0,0,0,0,2.12765957446809,0,25.531914893617,0,2.12765957446809
"P50ARMS2C_7T",13.5135135135135,8.10810810810811,2.7027027027027,0,0,0,8.10810810810811,0,2.7027027027027,8.10810810810811,0,37.8378378378378,0,18.9189189189189
"P50ARMS2C_8B",14.2857142857143,5.71428571428571,34.2857142857143,0,2.85714285714286,0,0,0,2.85714285714286,2.85714285714286,0,34.2857142857143,0,2.85714285714286
"P50ARMS2C_8T",38.7755102040816,10.2040816326531,2.04081632653061,0,8.16326530612245,0,8.16326530612245,2.04081632653061,2.04081632653061,2.04081632653061,0,14.2857142857143,0,12.2448979591837
"P50ARMS2C_9B",43.4782608695652,13.0434782608696,21.7391304347826,0,2.17391304347826,0,4.34782608695652,0,0,4.34782608695652,0,10.8695652173913,0,0
"P50ARMS3A_1T",0,2.85714285714286,0,0,0,0,22.8571428571429,5.71428571428571,0,0,0,54.2857142857143,2.85714285714286,11.4285714285714
"P50ARMS3A_2B",17.1428571428571,11.4285714285714,2.85714285714286,0,0,0,2.85714285714286,22.8571428571429,0,0,0,40,0,2.85714285714286
"P50ARMS3A_2T",17.0212765957447,2.12765957446809,0,0,0,0,10.6382978723404,36.1702127659575,0,0,0,23.4042553191489,2.12765957446809,8.51063829787234
"P50ARMS3A_3B",10.6382978723404,4.25531914893617,0,0,2.12765957446809,0,0,57.4468085106383,0,0,0,25.531914893617,0,0
"P50ARMS3A_3T",0,6.06060606060606,0,0,0,0,24.2424242424242,3.03030303030303,0,0,0,39.3939393939394,15.1515151515152,12.1212121212121
"P50ARMS3A_4B",2.56410256410256,7.69230769230769,12.8205128205128,0,2.56410256410256,0,2.56410256410256,25.6410256410256,0,0,0,46.1538461538462,0,0
"P50ARMS3A_4T",8.33333333333333,6.25,0,0,0,0,4.16666666666667,22.9166666666667,0,0,0,10.4166666666667,37.5,10.4166666666667
"P50ARMS3A_5B",12.5,4.16666666666667,2.08333333333333,0,6.25,0,6.25,37.5,0,2.08333333333333,0,29.1666666666667,0,0
"P50ARMS3A_5T",0,0,0,0,0,0,2.5,15,0,0,0,25,30,27.5
"P50ARMS3A_6B",10.5263157894737,2.63157894736842,18.4210526315789,0,0,0,2.63157894736842,26.3157894736842,2.63157894736842,0,0,31.5789473684211,0,5.26315789473684
"P50ARMS3A_6T",6,4,0,0,0,0,8,26,0,0,0,16,24,16
"P50ARMS3A_7B",4.08163265306122,4.08163265306122,16.3265306122449,0,4.08163265306122,0,2.04081632653061,38.7755102040816,0,0,0,30.6122448979592,0,0
"P50ARMS3A_7T",0,0,0,0,0,0,15.625,9.375,0,0,0,40.625,12.5,21.875
"P50ARMS3A_8B",7.31707317073171,2.4390243902439,0,0,2.4390243902439,0,2.4390243902439,21.9512195121951,0,0,0,63.4146341463415,0,0
"P50ARMS3A_8T",8.33333333333333,0,0,0,2.08333333333333,0,8.33333333333333,25,0,0,0,18.75,14.5833333333333,22.9166666666667
"P50ARMS3A_9B",14,8,6,0,2,0,6,30,2,0,0,32,0,0
"P50ARMS3B_1T",0,0,0,0,0,0,58.8235294117647,2.94117647058824,0,2.94117647058824,0,20.5882352941176,8.82352941176471,5.88235294117647
"P50ARMS3B_2B",8.57142857142857,2.85714285714286,5.71428571428571,0,0,0,20,8.57142857142857,0,2.85714285714286,0,48.5714285714286,0,2.85714285714286
"P50ARMS3B_2T",31.9148936170213,0,0,0,0,0,10.6382978723404,25.531914893617,0,2.12765957446809,0,19.1489361702128,2.12765957446809,8.51063829787234
"P50ARMS3B_3B",25.531914893617,0,0,0,4.25531914893617,0,4.25531914893617,17.0212765957447,0,0,0,44.6808510638298,0,4.25531914893617
"P50ARMS3B_3T",3.03030303030303,0,6.06060606060606,0,0,0,33.3333333333333,0,0,0,0,27.2727272727273,18.1818181818182,12.1212121212121
"P50ARMS3B_4B",10.2564102564103,2.56410256410256,23.0769230769231,0,0,0,15.3846153846154,7.69230769230769,0,0,0,38.4615384615385,2.56410256410256,0
"P50ARMS3B_4T",36.734693877551,4.08163265306122,0,0,0,0,4.08163265306122,6.12244897959184,0,2.04081632653061,0,6.12244897959184,40.8163265306122,0
"P50ARMS3B_5B",28.5714285714286,4.08163265306122,4.08163265306122,0,2.04081632653061,0,6.12244897959184,28.5714285714286,0,0,0,20.4081632653061,4.08163265306122,2.04081632653061
"P50ARMS3B_5T",5.12820512820513,0,0,0,0,0,7.69230769230769,2.56410256410256,0,0,0,41.025641025641,35.8974358974359,7.69230769230769
"P50ARMS3B_6B",12.5,2.5,7.5,0,0,0,5,25,0,0,0,42.5,2.5,2.5
"P50ARMS3B_6T",8.33333333333333,6.25,0,0,0,0,8.33333333333333,22.9166666666667,0,0,0,25,27.0833333333333,2.08333333333333
"P50ARMS3B_7B",10.6382978723404,6.38297872340426,2.12765957446809,0,4.25531914893617,0,10.6382978723404,27.6595744680851,0,0,0,38.2978723404255,0,0
"P50ARMS3B_7T",9.375,3.125,0,0,0,0,6.25,9.375,0,0,0,28.125,28.125,15.625
"P50ARMS3B_8B",18.9189189189189,2.7027027027027,2.7027027027027,0,0,0,18.9189189189189,13.5135135135135,0,2.7027027027027,0,37.8378378378378,2.7027027027027,0
"P50ARMS3B_8T",8.33333333333333,0,0,0,0,0,6.25,18.75,0,2.08333333333333,0,25,31.25,8.33333333333333
"P50ARMS3B_9B",18,4,0,0,0,0,22,22,0,0,0,30,2,2
"P50ARMS3C_1T",2.4390243902439,0,0,0,0,0,29.2682926829268,2.4390243902439,0,2.4390243902439,0,31.7073170731707,19.5121951219512,12.1951219512195
"P50ARMS3C_2B",13.5135135135135,8.10810810810811,8.10810810810811,0,0,0,8.10810810810811,13.5135135135135,0,0,0,48.6486486486487,0,0
"P50ARMS3C_2T",30,0,4,0,0,0,22,2,0,0,0,16,22,4
"P50ARMS3C_3B",10.6382978723404,4.25531914893617,8.51063829787234,0,0,0,6.38297872340426,21.2765957446809,0,0,0,38.2978723404255,10.6382978723404,0
"P50ARMS3C_3T",11.7647058823529,0,0,0,0,0,38.2352941176471,11.7647058823529,0,0,0,29.4117647058824,5.88235294117647,2.94117647058824
"P50ARMS3C_4B",21.6216216216216,0,2.7027027027027,0,2.7027027027027,0,5.40540540540541,16.2162162162162,0,0,0,51.3513513513513,0,0
"P50ARMS3C_4T",16.6666666666667,0,2.08333333333333,0,0,0,10.4166666666667,18.75,0,0,0,20.8333333333333,22.9166666666667,8.33333333333333
"P50ARMS3C_5B",19.1489361702128,4.25531914893617,0,0,0,0,8.51063829787234,12.7659574468085,0,0,0,51.063829787234,2.12765957446809,2.12765957446809
"P50ARMS3C_5T",2.56410256410256,0,0,0,0,0,33.3333333333333,0,0,0,0,58.974358974359,2.56410256410256,2.56410256410256
"P50ARMS3C_6B",12.5,2.5,10,0,0,0,12.5,2.5,0,0,0,57.5,0,2.5
"P50ARMS3C_6T",19.1489361702128,0,0,0,2.12765957446809,0,6.38297872340426,19.1489361702128,0,6.38297872340426,0,17.0212765957447,23.4042553191489,6.38297872340426
"P50ARMS3C_7B",22.9166666666667,6.25,0,0,4.16666666666667,0,6.25,12.5,2.08333333333333,0,0,29.1666666666667,16.6666666666667,0
"P50ARMS3C_7T",16.2790697674419,2.32558139534884,0,0,0,0,25.5813953488372,2.32558139534884,0,0,0,34.8837209302326,16.2790697674419,2.32558139534884
"P50ARMS3C_8B",23.2558139534884,0,4.65116279069767,0,4.65116279069767,0,0,6.97674418604651,0,0,0,55.8139534883721,4.65116279069767,0
"P50ARMS3C_8T",27.0833333333333,0,0,0,2.08333333333333,0,18.75,2.08333333333333,0,2.08333333333333,0,16.6666666666667,29.1666666666667,2.08333333333333
"P50ARMS3C_9B",8.16326530612245,10.2040816326531,0,0,0,0,6.12244897959184,42.8571428571429,0,0,0,24.4897959183673,6.12244897959184,2.04081632653061
"RUNARMS1A_1T",5,0,0,0,0,0,22.5,0,5,5,0,15,35,12.5
"RUNARMS1A_2B",3.03030303030303,12.1212121212121,0,0,9.09090909090909,0,0,0,9.09090909090909,12.1212121212121,0,24.2424242424242,6.06060606060606,24.2424242424242
"RUNARMS1A_2T",18.75,2.08333333333333,0,0,4.16666666666667,0,4.16666666666667,4.16666666666667,2.08333333333333,2.08333333333333,0,2.08333333333333,37.5,22.9166666666667
"RUNARMS1A_3B",2.08333333333333,45.8333333333333,0,0,2.08333333333333,0,0,2.08333333333333,2.08333333333333,14.5833333333333,0,2.08333333333333,14.5833333333333,14.5833333333333
"RUNARMS1A_3T",2.56410256410256,0,0,0,0,0,30.7692307692308,0,5.12820512820513,0,0,12.8205128205128,35.8974358974359,12.8205128205128
"RUNARMS1A_4B",17.6470588235294,5.88235294117647,2.94117647058824,0,5.88235294117647,0,8.82352941176471,2.94117647058824,14.7058823529412,11.7647058823529,0,5.88235294117647,2.94117647058824,20.5882352941176
"RUNARMS1A_4T",10.2040816326531,10.2040816326531,0,0,0,0,14.2857142857143,4.08163265306122,4.08163265306122,6.12244897959184,0,4.08163265306122,26.530612244898,20.4081632653061
"RUNARMS1A_5B",0,24.4897959183673,0,0,6.12244897959184,0,2.04081632653061,0,14.2857142857143,4.08163265306122,0,12.2448979591837,14.2857142857143,22.4489795918367
"RUNARMS1A_5T",2.7027027027027,2.7027027027027,0,0,0,0,21.6216216216216,0,8.10810810810811,2.7027027027027,0,10.8108108108108,32.4324324324324,18.9189189189189
"RUNARMS1A_6B",5.88235294117647,8.8235294117647,2.94117647058824,2.94117647058824,5.88235294117647,2.94117647058824,5.88235294117647,0,8.82352941176471,8.82352941176471,0,26.4705882352941,2.94117647058824,17.6470588235294
"RUNARMS1A_6T",2.04081632653061,16.3265306122449,0,0,6.12244897959184,0,14.2857142857143,0,0,8.16326530612245,0,0,32.6530612244898,20.4081632653061
"RUNARMS1A_7B",0,34.0909090909091,0,0,2.27272727272727,0,4.54545454545455,0,13.6363636363636,6.81818181818182,0,4.54545454545455,9.09090909090909,25
"RUNARMS1A_7T",7.89473684210526,2.63157894736842,0,0,5.26315789473684,0,21.0526315789474,0,5.26315789473684,5.26315789473684,0,7.89473684210526,23.6842105263158,21.0526315789474
"RUNARMS1A_8B",0,20.4545454545455,6.81818181818182,9.09090909090909,0,0,4.54545454545455,2.27272727272727,13.6363636363636,9.09090909090909,0,15.9090909090909,0,18.1818181818182
"RUNARMS1A_8T",11.1111111111111,13.3333333333333,0,0,0,0,6.66666666666667,0,0,2.22222222222222,0,0,51.1111111111111,15.5555555555556
"RUNARMS1A_9B",12.5,31.25,0,0,6.25,0,10.4166666666667,0,6.25,10.4166666666667,0,4.16666666666667,4.16666666666667,14.5833333333333
"RUNARMS1B_1T",9.75609756097561,0,0,0,2.4390243902439,0,26.8292682926829,0,4.8780487804878,4.8780487804878,0,29.2682926829268,12.1951219512195,9.75609756097561
"RUNARMS1B_2B",15.1515151515152,21.2121212121212,0,0,0,0,3.03030303030303,0,6.06060606060606,15.1515151515152,0,27.2727272727273,0,12.1212121212121
"RUNARMS1B_2T",6,0,0,0,0,0,18,0,4,10,0,12,38,12
"RUNARMS1B_3B",6.52173913043478,2.17391304347826,0,0,0,0,6.52173913043478,0,32.6086956521739,10.8695652173913,0,30.4347826086957,2.17391304347826,8.69565217391304
"RUNARMS1B_3T",2.38095238095238,2.38095238095238,0,0,0,0,23.8095238095238,4.76190476190476,2.38095238095238,2.38095238095238,0,14.2857142857143,30.952380952381,16.6666666666667
"RUNARMS1B_4B",11.4285714285714,5.71428571428571,0,2.85714285714286,0,0,0,0,2.85714285714286,14.2857142857143,0,31.4285714285714,5.71428571428571,25.7142857142857
"RUNARMS1B_4T",7.14285714285714,4.76190476190476,0,0,2.38095238095238,0,14.2857142857143,4.76190476190476,11.9047619047619,0,0,14.2857142857143,28.5714285714286,11.9047619047619
"RUNARMS1B_5B",38,16,0,0,6,0,0,4,2,8,0,4,2,20
"RUNARMS1B_5T",0,0,2.85714285714286,8.57142857142857,0,0,28.5714285714286,0,0,0,0,14.2857142857143,22.8571428571429,22.8571428571429
"RUNARMS1B_6B",0,0,3.2258064516129,0,0,0,3.2258064516129,0,0,16.1290322580645,0,41.9354838709677,0,35.4838709677419
"RUNARMS1B_6T",8.51063829787234,0,0,0,4.25531914893617,0,8.51063829787234,6.38297872340426,4.25531914893617,0,0,10.6382978723404,34.0425531914894,23.4042553191489
"RUNARMS1B_7B",4.08163265306122,10.2040816326531,0,0,12.2448979591837,0,0,0,2.04081632653061,2.04081632653061,0,26.530612244898,16.3265306122449,26.530612244898
"RUNARMS1B_7T",2.77777777777778,2.77777777777778,0,0,2.77777777777778,0,5.55555555555556,25,0,5.55555555555556,0,2.77777777777778,27.7777777777778,25
"RUNARMS1B_8B",11.4285714285714,17.1428571428571,0,0,2.85714285714286,0,2.85714285714286,0,8.57142857142857,5.71428571428571,0,31.4285714285714,0,20
"RUNARMS1B_8T",2.04081632653061,4.08163265306122,0,0,4.08163265306122,0,2.04081632653061,0,6.12244897959184,4.08163265306122,0,22.4489795918367,30.6122448979592,24.4897959183673
"RUNARMS1B_9B",0,25.531914893617,4.25531914893617,0,10.6382978723404,0,2.12765957446809,2.12765957446809,8.51063829787234,10.6382978723404,0,14.8936170212766,10.6382978723404,10.6382978723404
"RUNARMS1C_1T",3.125,0,0,0,6.25,0,28.125,0,0,3.125,0,0,37.5,21.875
"RUNARMS1C_2B",0,24.390243902439,4.8780487804878,0,0,0,17.0731707317073,0,7.31707317073171,21.9512195121951,0,9.75609756097561,0,14.6341463414634
"RUNARMS1C_2T",4,10,0,0,14,0,2,0,2,12,0,2,36,18
"RUNARMS1C_3B",0,0,0,0,22.4489795918367,0,10.2040816326531,0,10.2040816326531,26.530612244898,0,4.08163265306122,0,26.530612244898
"RUNARMS1C_3T",10.8108108108108,13.5135135135135,0,0,5.40540540540541,0,16.2162162162162,0,0,18.9189189189189,0,0,27.027027027027,8.10810810810811
"RUNARMS1C_4B",8.8235294117647,17.6470588235294,5.88235294117647,5.88235294117647,0,0,8.82352941176471,0,2.94117647058824,11.7647058823529,0,11.7647058823529,2.94117647058824,23.5294117647059
"RUNARMS1C_4T",22,4,0,0,0,2,0,0,0,2,0,0,44,26
"RUNARMS1C_5B",38,2,0,0,10,2,2,0,2,4,0,2,10,28
"RUNARMS1C_5T",10.5263157894737,13.1578947368421,0,0,5.26315789473684,5.26315789473684,18.4210526315789,0,0,5.26315789473684,0,7.89473684210526,21.0526315789474,13.1578947368421
"RUNARMS1C_6B",7.14285714285714,7.14285714285714,14.2857142857143,0,0,0,7.14285714285714,0,0,14.2857142857143,0,26.1904761904762,0,23.8095238095238
"RUNARMS1C_6T",6.12244897959184,0,0,0,0,0,10.2040816326531,0,0,4.08163265306122,0,8.16326530612245,38.7755102040816,32.6530612244898
"RUNARMS1C_7B",0,0,2,0,6,0,30,0,6,8,0,4,22,22
"RUNARMS1C_7T",16.2790697674419,2.32558139534884,0,0,0,0,4.65116279069767,0,6.97674418604651,4.65116279069767,0,2.32558139534884,32.5581395348837,30.2325581395349
"RUNARMS1C_8B",8.10810810810811,0,5.40540540540541,0,0,0,10.8108108108108,0,2.7027027027027,35.1351351351351,0,13.5135135135135,0,24.3243243243243
"RUNARMS1C_8T",40.8163265306122,4.08163265306122,0,0,0,2.04081632653061,0,0,2.04081632653061,20.4081632653061,0,0,12.2448979591837,18.3673469387755
"RUNARMS1C_9B",14.2857142857143,14.2857142857143,0,0,0,0,16.3265306122449,0,8.16326530612245,20.4081632653061,0,0,14.2857142857143,12.2448979591837
"RUNARMS2A_1T",0,0,0,0,2.56410256410256,0,17.9487179487179,0,0,5.12820512820513,0,15.3846153846154,28.2051282051282,30.7692307692308
"RUNARMS2A_2B",7.89473684210526,0,0,0,0,0,5.26315789473684,0,2.63157894736842,23.6842105263158,0,23.6842105263158,0,36.8421052631579
"RUNARMS2A_2T",14.2857142857143,0,0,0,4.08163265306122,2.04081632653061,4.08163265306122,0,0,8.16326530612245,0,4.08163265306122,38.7755102040816,24.4897959183673
"RUNARMS2A_3B",0,2.27272727272727,0,0,20.4545454545455,0,2.27272727272727,2.27272727272727,6.81818181818182,6.81818181818182,0,13.6363636363636,2.27272727272727,43.1818181818182
"RUNARMS2A_3T",2.4390243902439,0,4.8780487804878,0,0,0,21.9512195121951,0,4.8780487804878,14.6341463414634,0,4.8780487804878,26.8292682926829,19.5121951219512
"RUNARMS2A_4B",10.2564102564103,0,12.8205128205128,0,0,2.56410256410256,12.8205128205128,7.69230769230769,5.12820512820513,7.69230769230769,0,17.9487179487179,2.56410256410256,20.5128205128205
"RUNARMS2A_4T",8.16326530612245,4.08163265306122,0,0,6.12244897959184,0,6.12244897959184,0,2.04081632653061,16.3265306122449,0,8.16326530612245,26.530612244898,22.4489795918367
"RUNARMS2A_5B",0,6.12244897959184,0,0,8.16326530612245,0,12.2448979591837,0,14.2857142857143,22.4489795918367,0,12.2448979591837,0,24.4897959183673
"RUNARMS2A_5T",5.71428571428571,0,5.71428571428571,0,0,0,14.2857142857143,0,5.71428571428571,14.2857142857143,0,2.85714285714286,31.4285714285714,20
"RUNARMS2A_6B",0,9.09090909090909,0,0,3.03030303030303,0,6.06060606060606,9.09090909090909,3.03030303030303,6.06060606060606,0,30.3030303030303,3.03030303030303,30.3030303030303
"RUNARMS2A_6T",4.08163265306122,0,10.2040816326531,0,0,4.08163265306122,16.3265306122449,0,4.08163265306122,8.16326530612245,0,0,38.7755102040816,14.2857142857143
"RUNARMS2A_7B",6.25,12.5,0,0,6.25,0,10.4166666666667,2.08333333333333,4.16666666666667,20.8333333333333,0,8.33333333333333,4.16666666666667,25
"RUNARMS2A_7T",0,0,0,0,2.63157894736842,0,28.9473684210526,0,2.63157894736842,15.7894736842105,0,15.7894736842105,7.89473684210526,26.3157894736842
"RUNARMS2A_8B",2.7027027027027,2.7027027027027,2.7027027027027,2.7027027027027,5.40540540540541,0,10.8108108108108,2.7027027027027,5.40540540540541,5.40540540540541,0,27.027027027027,5.40540540540541,27.027027027027
"RUNARMS2A_8T",8.33333333333333,6.25,0,0,8.33333333333333,0,14.5833333333333,2.08333333333333,0,2.08333333333333,0,6.25,12.5,39.5833333333333
"RUNARMS2A_9B",15.5555555555556,6.66666666666667,0,0,2.22222222222222,0,17.7777777777778,6.66666666666667,4.44444444444444,17.7777777777778,0,2.22222222222222,4.44444444444444,22.2222222222222
"RUNARMS2B_1T",3.03030303030303,0,0,0,3.03030303030303,0,6.06060606060606,0,0,12.1212121212121,0,12.1212121212121,39.3939393939394,24.2424242424242
"RUNARMS2B_2B",7.5,20,0,0,0,0,17.5,0,0,12.5,0,7.5,2.5,32.5
"RUNARMS2B_2T",0,10.6382978723404,0,0,21.2765957446809,0,2.12765957446809,0,0,8.51063829787234,0,2.12765957446809,19.1489361702128,36.1702127659575
"RUNARMS2B_3B",0,14.2857142857143,0,0,6.12244897959184,0,16.3265306122449,2.04081632653061,2.04081632653061,14.2857142857143,0,14.2857142857143,0,30.6122448979592
"RUNARMS2B_3T",2.77777777777778,0,0,0,2.77777777777778,0,22.2222222222222,0,0,2.77777777777778,0,8.33333333333333,30.5555555555556,30.5555555555556
"RUNARMS2B_4B",22.5,5,0,0,0,0,7.5,0,2.5,15,0,22.5,0,25
"RUNARMS2B_4T",4.34782608695652,0,0,0,21.7391304347826,0,6.52173913043478,2.17391304347826,0,10.8695652173913,0,4.34782608695652,21.7391304347826,28.2608695652174
"RUNARMS2B_5B",2.04081632653061,24.4897959183673,0,0,18.3673469387755,0,10.2040816326531,0,8.16326530612245,8.16326530612245,0,12.2448979591837,0,16.3265306122449
"RUNARMS2B_5T",0,2.77777777777778,0,2.77777777777778,0,0,22.2222222222222,0,0,5.55555555555556,0,11.1111111111111,30.5555555555556,25
"RUNARMS2B_6B",5.55555555555556,0,0,8.33333333333333,2.77777777777778,0,5.55555555555556,0,2.77777777777778,11.1111111111111,0,33.3333333333333,0,30.5555555555556
"RUNARMS2B_6T",10.8695652173913,2.17391304347826,0,0,8.69565217391304,0,13.0434782608696,0,0,4.34782608695652,0,2.17391304347826,32.6086956521739,26.0869565217391
"RUNARMS2B_7B",4.08163265306122,16.3265306122449,0,0,10.2040816326531,0,6.12244897959184,0,6.12244897959184,10.2040816326531,0,10.2040816326531,6.12244897959184,30.6122448979592
"RUNARMS2B_7T",0,2.63157894736842,0,0,2.63157894736842,2.63157894736842,26.3157894736842,0,2.63157894736842,2.63157894736842,0,2.63157894736842,31.5789473684211,26.3157894736842
"RUNARMS2B_8B",0,13.5135135135135,2.7027027027027,0,5.40540540540541,0,2.7027027027027,0,5.40540540540541,5.40540540540541,0,13.5135135135135,2.7027027027027,48.6486486486487
"RUNARMS2B_8T",8.33333333333333,6.25,0,0,8.33333333333333,0,4.16666666666667,0,6.25,6.25,0,12.5,20.8333333333333,27.0833333333333
"RUNARMS2B_9B",8.33333333333333,16.6666666666667,0,0,8.33333333333333,0,4.16666666666667,0,10.4166666666667,6.25,0,16.6666666666667,2.08333333333333,27.0833333333333
"RUNARMS2C_1T",0,0,0,0,6.06060606060606,0,24.2424242424242,0,6.06060606060606,0,0,3.03030303030303,30.3030303030303,30.3030303030303
"RUNARMS2C_2B",0,17.6470588235294,0,0,2.94117647058824,0,5.88235294117647,0,8.82352941176471,17.6470588235294,0,14.7058823529412,0,32.3529411764706
"RUNARMS2C_2T",11.1111111111111,0,0,0,4.44444444444444,0,6.66666666666667,0,0,4.44444444444444,0,2.22222222222222,35.5555555555556,35.5555555555556
"RUNARMS2C_3B",2.04081632653061,4.08163265306122,0,0,10.2040816326531,0,4.08163265306122,0,6.12244897959184,12.2448979591837,0,10.2040816326531,12.2448979591837,38.7755102040816
"RUNARMS2C_3T",2.77777777777778,0,0,0,0,2.77777777777778,36.1111111111111,0,2.77777777777778,2.77777777777778,0,2.77777777777778,36.1111111111111,13.8888888888889
"RUNARMS2C_4B",5,7.5,0,0,2.5,0,12.5,0,7.5,15,0,32.5,2.5,15
"RUNARMS2C_4T",2.04081632653061,0,4.08163265306122,0,6.12244897959184,0,0,0,4.08163265306122,8.16326530612245,0,36.734693877551,18.3673469387755,20.4081632653061
"RUNARMS2C_5B",0,6.25,0,0,16.6666666666667,0,4.16666666666667,0,8.33333333333333,8.33333333333333,0,25,8.33333333333333,22.9166666666667
"RUNARMS2C_5T",0,4.65116279069767,9.30232558139535,2.32558139534884,4.65116279069767,0,9.30232558139535,0,2.32558139534884,6.97674418604651,0,4.65116279069767,37.2093023255814,18.6046511627907
"RUNARMS2C_6B",0,2.63157894736842,2.63157894736842,7.89473684210526,0,0,7.89473684210526,7.89473684210526,10.5263157894737,10.5263157894737,0,15.7894736842105,0,34.2105263157895
"RUNARMS2C_6T",2.04081632653061,6.12244897959184,8.16326530612245,0,10.2040816326531,2.04081632653061,6.12244897959184,0,4.08163265306122,4.08163265306122,0,2.04081632653061,34.6938775510204,20.4081632653061
"RUNARMS2C_7B",0,14,0,0,14,0,18,0,2,6,0,8,12,26
"RUNARMS2C_7T",2.7027027027027,0,2.7027027027027,0,8.10810810810811,0,24.3243243243243,2.7027027027027,10.8108108108108,0,0,8.10810810810811,16.2162162162162,24.3243243243243
"RUNARMS2C_8B",0,2.4390243902439,9.75609756097561,0,4.8780487804878,0,14.6341463414634,2.4390243902439,7.31707317073171,14.6341463414634,0,7.31707317073171,0,36.5853658536585
"RUNARMS2C_8T",4.25531914893617,0,0,0,19.1489361702128,0,2.12765957446809,0,2.12765957446809,8.51063829787234,0,0,29.7872340425532,34.0425531914894
"RUNARMS2C_9B",26.530612244898,14.2857142857143,0,0,6.12244897959184,0,12.2448979591837,2.04081632653061,8.16326530612245,6.12244897959184,0,2.04081632653061,2.04081632653061,20.4081632653061
"RUNARMS3A_1T",0,0,0,0,5.26315789473684,0,44.7368421052632,0,2.63157894736842,2.63157894736842,0,2.63157894736842,21.0526315789474,21.0526315789474
"RUNARMS3A_2B",0,0,2.63157894736842,0,23.6842105263158,0,5.26315789473684,0,5.26315789473684,18.4210526315789,0,31.5789473684211,0,13.1578947368421
"RUNARMS3A_2T",0,0,0,0,32.6086956521739,2.17391304347826,23.9130434782609,0,0,4.34782608695652,0,0,19.5652173913043,17.3913043478261
"RUNARMS3A_3B",0,0,0,0,27.6595744680851,0,34.0425531914894,0,2.12765957446809,8.51063829787234,0,0,2.12765957446809,25.531914893617
"RUNARMS3A_3T",6.25,0,0,0,0,3.125,18.75,0,0,9.375,0,18.75,28.125,15.625
"RUNARMS3A_4B",8.33333333333333,27.7777777777778,5.55555555555556,2.77777777777778,0,0,13.8888888888889,0,0,11.1111111111111,0,11.1111111111111,2.77777777777778,16.6666666666667
"RUNARMS3A_4T",2,4,0,0,0,2,14,0,18,12,0,16,10,22
"RUNARMS3A_5B",0,14.8936170212766,6.38297872340426,0,4.25531914893617,0,29.7872340425532,0,2.12765957446809,10.6382978723404,0,6.38297872340426,8.51063829787234,17.0212765957447
"RUNARMS3A_5T",0,0,0,0,5.88235294117647,0,14.7058823529412,0,2.94117647058824,11.7647058823529,0,2.94117647058824,38.2352941176471,23.5294117647059
"RUNARMS3A_6B",8.57142857142857,14.2857142857143,37.1428571428571,2.85714285714286,2.85714285714286,0,5.71428571428571,0,0,2.85714285714286,0,14.2857142857143,2.85714285714286,8.57142857142857
"RUNARMS3A_6T",8.69565217391304,10.8695652173913,6.52173913043478,0,0,0,15.2173913043478,2.17391304347826,0,2.17391304347826,0,4.34782608695652,21.7391304347826,28.2608695652174
"RUNARMS3A_7B",6.38297872340426,10.6382978723404,12.7659574468085,0,21.2765957446809,0,12.7659574468085,0,0,8.51063829787234,0,8.51063829787234,0,19.1489361702128
"RUNARMS3A_7T",3.03030303030303,3.03030303030303,0,0,9.09090909090909,0,12.1212121212121,0,0,6.06060606060606,0,6.06060606060606,18.1818181818182,42.4242424242424
"RUNARMS3A_8B",8.10810810810811,2.7027027027027,37.8378378378378,0,21.6216216216216,0,8.10810810810811,0,2.7027027027027,0,0,5.40540540540541,5.40540540540541,8.10810810810811
"RUNARMS3A_8T",4,0,0,0,30,0,12,4,4,6,0,4,14,22
"RUNARMS3A_9B",12,0,0,0,48,0,16,0,2,8,0,2,2,10
"RUNARMS3B_1T",0,0,0,0,2.77777777777778,0,38.8888888888889,0,2.77777777777778,8.33333333333333,0,8.33333333333333,13.8888888888889,25
"RUNARMS3B_2B",7.31707317073171,12.1951219512195,0,0,2.4390243902439,0,12.1951219512195,0,4.8780487804878,19.5121951219512,0,29.2682926829268,0,12.1951219512195
"RUNARMS3B_2T",2,4,0,0,8,0,4,0,2,4,0,2,38,36
"RUNARMS3B_3B",4.16666666666667,14.5833333333333,0,0,22.9166666666667,0,8.33333333333333,0,6.25,8.33333333333333,0,4.16666666666667,10.4166666666667,20.8333333333333
"RUNARMS3B_3T",2.77777777777778,5.55555555555556,0,0,2.77777777777778,2.77777777777778,19.4444444444444,8.33333333333333,0,2.77777777777778,0,8.33333333333333,19.4444444444444,27.7777777777778
"RUNARMS3B_4B",10.2564102564103,12.8205128205128,2.56410256410256,0,2.56410256410256,0,15.3846153846154,0,0,10.2564102564103,0,15.3846153846154,2.56410256410256,28.2051282051282
"RUNARMS3B_4T",16.3265306122449,8.16326530612245,0,0,6.12244897959184,0,4.08163265306122,0,0,6.12244897959184,0,4.08163265306122,24.4897959183673,30.6122448979592
"RUNARMS3B_5B",0,20,2.22222222222222,0,24.4444444444444,0,0,0,8.88888888888889,11.1111111111111,0,4.44444444444444,4.44444444444444,24.4444444444444
"RUNARMS3B_5T",5.26315789473684,0,5.26315789473684,0,5.26315789473684,0,34.2105263157895,2.63157894736842,0,2.63157894736842,0,2.63157894736842,21.0526315789474,21.0526315789474
"RUNARMS3B_6B",18.4210526315789,21.0526315789474,2.63157894736842,2.63157894736842,2.63157894736842,7.89473684210526,5.26315789473684,0,0,10.5263157894737,0,21.0526315789474,0,7.89473684210526
"RUNARMS3B_6T",7.31707317073171,2.4390243902439,2.4390243902439,0,21.9512195121951,0,17.0731707317073,0,0,9.75609756097561,0,0,14.6341463414634,24.390243902439
"RUNARMS3B_7B",10.8695652173913,19.5652173913043,0,0,21.7391304347826,2.17391304347826,0,0,2.17391304347826,2.17391304347826,0,15.2173913043478,0,26.0869565217391
"RUNARMS3B_7T",0,6.45161290322581,0,0,6.45161290322581,0,25.8064516129032,0,0,0,0,3.2258064516129,25.8064516129032,32.258064516129
"RUNARMS3B_8B",2.5,12.5,7.5,0,0,0,5,0,15,10,0,20,0,27.5
"RUNARMS3B_8T",2,4,0,0,14,0,2,2,6,10,0,2,28,30
"RUNARMS3B_9B",0,12.5,0,0,22.9166666666667,0,8.33333333333333,0,12.5,10.4166666666667,0,10.4166666666667,4.16666666666667,18.75
"RUNARMS3C_1T",0,0,0,0,2.5,0,37.5,0,5,0,0,17.5,27.5,10
"RUNARMS3C_2B",11.1111111111111,5.55555555555556,5.55555555555556,2.77777777777778,8.33333333333333,0,8.33333333333333,0,13.8888888888889,8.33333333333333,0,8.33333333333333,0,27.7777777777778
"RUNARMS3C_2T",29.1666666666667,16.6666666666667,2.08333333333333,0,0,0,4.16666666666667,0,0,0,0,4.16666666666667,29.1666666666667,14.5833333333333
"RUNARMS3C_3B",0,40,15.5555555555556,0,0,0,0,0,20,2.22222222222222,0,0,8.88888888888889,13.3333333333333
"RUNARMS3C_3T",2.5,0,0,0,0,0,30,2.5,7.5,0,0,25,12.5,20
"RUNARMS3C_4B",10,5,0,2.5,2.5,0,17.5,0,10,7.5,0,15,5,25
"RUNARMS3C_4T",23.4042553191489,21.2765957446809,0,0,0,0,12.7659574468085,2.12765957446809,2.12765957446809,0,0,2.12765957446809,27.6595744680851,8.51063829787234
"RUNARMS3C_5B",2.04081632653061,10.2040816326531,0,0,6.12244897959184,2.04081632653061,6.12244897959184,2.04081632653061,44.8979591836735,6.12244897959184,0,2.04081632653061,4.08163265306122,14.2857142857143
"RUNARMS3C_5T",14.2857142857143,0,5.71428571428571,0,0,0,31.4285714285714,2.85714285714286,2.85714285714286,2.85714285714286,0,14.2857142857143,11.4285714285714,14.2857142857143
"RUNARMS3C_6B",7.40740740740741,3.7037037037037,18.5185185185185,0,0,0,0,3.7037037037037,3.7037037037037,3.7037037037037,0,37.037037037037,0,22.2222222222222
"RUNARMS3C_6T",58.3333333333333,6.25,0,0,0,0,0,0,0,0,0,2.08333333333333,14.5833333333333,18.75
"RUNARMS3C_7B",12.1951219512195,29.2682926829268,4.8780487804878,0,2.4390243902439,2.4390243902439,7.31707317073171,2.4390243902439,19.5121951219512,4.8780487804878,0,4.8780487804878,2.4390243902439,7.31707317073171
"RUNARMS3C_7T",2.7027027027027,0,0,0,2.7027027027027,0,40.5405405405405,0,10.8108108108108,0,0,18.9189189189189,5.40540540540541,18.9189189189189
"RUNARMS3C_8B",3.44827586206897,6.89655172413793,0,0,0,0,6.89655172413793,27.5862068965517,20.6896551724138,0,0,27.5862068965517,0,6.89655172413793
"RUNARMS3C_8T",20.4081632653061,2.04081632653061,4.08163265306122,0,2.04081632653061,0,24.4897959183673,2.04081632653061,4.08163265306122,2.04081632653061,0,4.08163265306122,22.4489795918367,12.2448979591837
"RUNARMS3C_9B",18.75,4.16666666666667,6.25,2.08333333333333,4.16666666666667,0,8.33333333333333,0,0,6.25,0,4.16666666666667,25,20.8333333333333
"RUNARMS4A_1T",0,0,0,0,0,0,40.5405405405405,0,5.40540540540541,8.10810810810811,0,5.40540540540541,27.027027027027,13.5135135135135
"RUNARMS4A_2B",0,5.71428571428571,0,0,2.85714285714286,0,8.57142857142857,0,17.1428571428571,20,0,20,0,25.7142857142857
"RUNARMS4A_2T",2.27272727272727,20.4545454545455,0,0,4.54545454545455,0,4.54545454545455,0,2.27272727272727,11.3636363636364,0,2.27272727272727,34.0909090909091,18.1818181818182
"RUNARMS4A_3B",0,52,2,2,6,0,2,0,2,6,0,4,0,24
"RUNARMS4A_3T",0,0,0,0,0,0,42.8571428571429,0,3.57142857142857,3.57142857142857,0,21.4285714285714,7.14285714285714,21.4285714285714
"RUNARMS4A_4B",0,12.1212121212121,0,0,3.03030303030303,6.06060606060606,18.1818181818182,0,9.09090909090909,21.2121212121212,0,15.1515151515152,0,15.1515151515152
"RUNARMS4A_4T",8.69565217391304,13.0434782608696,0,0,6.52173913043478,2.17391304347826,4.34782608695652,2.17391304347826,0,10.8695652173913,0,0,36.9565217391304,15.2173913043478
"RUNARMS4A_5B",10.8695652173913,23.9130434782609,0,0,10.8695652173913,0,2.17391304347826,0,0,10.8695652173913,0,6.52173913043478,6.52173913043478,28.2608695652174
"RUNARMS4A_5T",2.4390243902439,2.4390243902439,7.31707317073171,0,0,0,19.5121951219512,0,0,14.6341463414634,0,12.1951219512195,12.1951219512195,29.2682926829268
"RUNARMS4A_6B",0,8.8235294117647,0,0,0,0,14.7058823529412,5.88235294117647,14.7058823529412,5.88235294117647,0,32.3529411764706,0,17.6470588235294
"RUNARMS4A_6T",2.04081632653061,30.6122448979592,0,2.04081632653061,12.2448979591837,0,6.12244897959184,0,0,2.04081632653061,0,14.2857142857143,10.2040816326531,20.4081632653061
"RUNARMS4A_7B",10,46,6,0,4,0,4,0,0,4,0,16,0,10
"RUNARMS4A_7T",0,0,2.56410256410256,2.56410256410256,0,0,17.9487179487179,0,0,7.69230769230769,0,15.3846153846154,12.8205128205128,41.025641025641
"RUNARMS4A_8B",5.88235294117647,0,5.88235294117647,2.94117647058824,0,0,8.82352941176471,0,11.7647058823529,17.6470588235294,0,26.4705882352941,0,20.5882352941176
"RUNARMS4A_8T",4.54545454545455,9.09090909090909,0,0,2.27272727272727,0,22.7272727272727,4.54545454545455,4.54545454545455,13.6363636363636,0,22.7272727272727,4.54545454545455,11.3636363636364
"RUNARMS4A_9B",16.3265306122449,20.4081632653061,24.4897959183673,0,2.04081632653061,0,2.04081632653061,4.08163265306122,0,12.2448979591837,0,4.08163265306122,0,14.2857142857143
"RUNARMS4B_1T",0,0,0,0,0,0,31.5789473684211,13.1578947368421,0,2.63157894736842,0,2.63157894736842,42.1052631578947,7.89473684210526
"RUNARMS4B_2B",7.5,7.5,0,0,2.5,0,27.5,2.5,10,7.5,0,10,7.5,17.5
"RUNARMS4B_2T",12.2448979591837,6.12244897959184,0,0,6.12244897959184,2.04081632653061,8.16326530612245,2.04081632653061,10.2040816326531,10.2040816326531,0,0,26.530612244898,16.3265306122449
"RUNARMS4B_3B",0,0,0,0,0,0,54.5454545454545,0,0,6.06060606060606,0,9.09090909090909,21.2121212121212,9.09090909090909
"RUNARMS4B_3T",43.75,18.75,0,0,2.08333333333333,0,0,0,4.16666666666667,10.4166666666667,0,2.08333333333333,2.08333333333333,16.6666666666667
"RUNARMS4B_4B",7.89473684210526,5.26315789473684,2.63157894736842,0,2.63157894736842,0,23.6842105263158,0,7.89473684210526,7.89473684210526,0,26.3157894736842,0,15.7894736842105
"RUNARMS4B_4T",14.5833333333333,0,0,0,0,2.08333333333333,10.4166666666667,2.08333333333333,12.5,10.4166666666667,0,0,41.6666666666667,6.25
"RUNARMS4B_5B",0,0,0,5.71428571428571,0,0,20,8.57142857142857,5.71428571428571,2.85714285714286,0,8.57142857142857,25.7142857142857,22.8571428571429
"RUNARMS4B_5T",10,34,0,0,6,0,6,0,0,10,0,16,2,16
"RUNARMS4B_6B",5.40540540540541,18.9189189189189,0,2.7027027027027,2.7027027027027,0,10.8108108108108,8.10810810810811,0,5.40540540540541,0,32.4324324324324,0,13.5135135135135
"RUNARMS4B_6T",30,12,0,0,2,0,8,0,2,6,0,0,22,18
"RUNARMS4B_7B",4.16666666666667,22.9166666666667,0,0,2.08333333333333,4.16666666666667,8.33333333333333,0,2.08333333333333,10.4166666666667,0,20.8333333333333,0,25
"RUNARMS4B_7T",2.63157894736842,2.63157894736842,0,0,0,0,44.7368421052632,0,2.63157894736842,13.1578947368421,0,0,10.5263157894737,23.6842105263158
"RUNARMS4B_8B",17.1428571428571,8.57142857142857,11.4285714285714,0,0,0,11.4285714285714,8.57142857142857,2.85714285714286,14.2857142857143,0,17.1428571428571,0,8.57142857142857
"RUNARMS4B_8T",8.51063829787234,2.12765957446809,0,0,0,0,17.0212765957447,4.25531914893617,6.38297872340426,8.51063829787234,0,2.12765957446809,31.9148936170213,19.1489361702128
"RUNARMS4B_9B",6.52173913043478,36.9565217391304,4.34782608695652,0,0,0,6.52173913043478,2.17391304347826,4.34782608695652,8.69565217391304,0,13.0434782608696,0,17.3913043478261
"RUNARMS4C_1T",0,0,0,0,2.56410256410256,0,15.3846153846154,0,5.12820512820513,7.69230769230769,0,5.12820512820513,51.2820512820513,12.8205128205128
"RUNARMS4C_2B",2.94117647058824,5.88235294117647,8.82352941176471,0,5.88235294117647,0,8.82352941176471,2.94117647058824,20.5882352941176,14.7058823529412,0,20.5882352941176,0,8.82352941176471
"RUNARMS4C_2T",0,0,0,0,11.1111111111111,0,15.5555555555556,6.66666666666667,4.44444444444444,20,0,28.8888888888889,11.1111111111111,2.22222222222222
"RUNARMS4C_3B",2.08333333333333,14.5833333333333,0,0,16.6666666666667,0,6.25,6.25,2.08333333333333,8.33333333333333,0,20.8333333333333,6.25,16.6666666666667
"RUNARMS4C_3T",2.63157894736842,2.63157894736842,0,0,0,0,44.7368421052632,0,0,2.63157894736842,0,21.0526315789474,21.0526315789474,5.26315789473684
"RUNARMS4C_4B",25,9.375,0,0,0,0,6.25,3.125,0,15.625,0,25,0,15.625
"RUNARMS4C_4T",4.08163265306122,8.16326530612245,0,0,0,0,10.2040816326531,2.04081632653061,4.08163265306122,20.4081632653061,0,2.04081632653061,18.3673469387755,30.6122448979592
"RUNARMS4C_5B",10.6382978723404,21.2765957446809,2.12765957446809,0,8.51063829787234,0,4.25531914893617,0,6.38297872340426,4.25531914893617,0,10.6382978723404,2.12765957446809,29.7872340425532
"RUNARMS4C_5T",2.56410256410256,0,0,0,0,0,38.4615384615385,7.69230769230769,2.56410256410256,5.12820512820513,0,5.12820512820513,15.3846153846154,23.0769230769231
"RUNARMS4C_6B",5.26315789473684,2.63157894736842,13.1578947368421,5.26315789473684,0,2.63157894736842,15.7894736842105,0,10.5263157894737,2.63157894736842,0,13.1578947368421,5.26315789473684,23.6842105263158
"RUNARMS4C_6T",10.2040816326531,20.4081632653061,0,0,2.04081632653061,0,2.04081632653061,4.08163265306122,0,16.3265306122449,0,2.04081632653061,24.4897959183673,18.3673469387755
"RUNARMS4C_7B",0,30,0,0,12,0,0,2,4,16,0,18,0,18
"RUNARMS4C_7T",0,0,0,0,0,0,33.3333333333333,0,5.55555555555556,13.8888888888889,0,0,16.6666666666667,30.5555555555556
"RUNARMS4C_8B",7.89473684210526,7.89473684210526,0,0,2.63157894736842,0,21.0526315789474,0,10.5263157894737,5.26315789473684,0,18.4210526315789,0,26.3157894736842
"RUNARMS4C_8T",12.7659574468085,6.38297872340426,0,0,10.6382978723404,0,10.6382978723404,2.12765957446809,0,6.38297872340426,0,0,29.7872340425532,21.2765957446809
"RUNARMS4C_9B",0,31.25,0,0,22.9166666666667,2.08333333333333,10.4166666666667,0,6.25,6.25,0,6.25,2.08333333333333,12.5
"RUNARMS5A_1T",0,0,0,0,2.38095238095238,0,33.3333333333333,0,0,2.38095238095238,0,11.9047619047619,45.2380952380952,4.76190476190476
"RUNARMS5A_2B",2.32558139534884,30.2325581395349,0,0,2.32558139534884,0,9.30232558139535,2.32558139534884,2.32558139534884,13.953488372093,0,20.9302325581395,0,16.2790697674419
"RUNARMS5A_2T",4.25531914893617,6.38297872340426,0,0,6.38297872340426,0,6.38297872340426,6.38297872340426,0,6.38297872340426,0,2.12765957446809,40.4255319148936,21.2765957446809
"RUNARMS5A_3B",0,6.12244897959184,6.12244897959184,0,14.2857142857143,0,2.04081632653061,6.12244897959184,14.2857142857143,16.3265306122449,0,6.12244897959184,2.04081632653061,26.530612244898
"RUNARMS5A_3T",2.85714285714286,2.85714285714286,0,0,0,0,20,0,2.85714285714286,8.57142857142857,0,5.71428571428571,48.5714285714286,8.57142857142857
"RUNARMS5A_4B",13.1578947368421,0,0,0,5.26315789473684,0,5.26315789473684,2.63157894736842,5.26315789473684,15.7894736842105,0,23.6842105263158,0,28.9473684210526
"RUNARMS5A_4T",4.65116279069767,6.97674418604651,0,0,6.97674418604651,0,18.6046511627907,2.32558139534884,4.65116279069767,13.953488372093,0,2.32558139534884,34.8837209302326,4.65116279069767
"RUNARMS5A_5B",2.12765957446809,17.0212765957447,0,0,4.25531914893617,0,6.38297872340426,0,12.7659574468085,14.8936170212766,0,6.38297872340426,12.7659574468085,23.4042553191489
"RUNARMS5A_5T",5.55555555555556,2.77777777777778,0,0,0,0,36.1111111111111,0,2.77777777777778,16.6666666666667,0,5.55555555555556,25,5.55555555555556
"RUNARMS5A_6B",22.8571428571429,8.57142857142857,2.85714285714286,0,0,0,11.4285714285714,2.85714285714286,0,22.8571428571429,0,20,0,8.57142857142857
"RUNARMS5A_6T",14.2857142857143,8.16326530612245,0,0,6.12244897959184,0,8.16326530612245,10.2040816326531,6.12244897959184,18.3673469387755,0,6.12244897959184,8.16326530612245,14.2857142857143
"RUNARMS5A_7B",14.2857142857143,16.3265306122449,2.04081632653061,0,8.16326530612245,0,2.04081632653061,0,2.04081632653061,12.2448979591837,0,6.12244897959184,2.04081632653061,34.6938775510204
"RUNARMS5A_7T",2.7027027027027,0,5.40540540540541,0,0,0,27.027027027027,8.10810810810811,8.10810810810811,10.8108108108108,0,5.40540540540541,27.027027027027,5.40540540540541
"RUNARMS5A_8B",26.4705882352941,20.5882352941176,2.94117647058824,0,5.88235294117647,0,2.94117647058824,5.88235294117647,2.94117647058824,11.7647058823529,0,11.7647058823529,0,8.82352941176471
"RUNARMS5A_8T",20.4081632653061,18.3673469387755,0,0,10.2040816326531,0,0,4.08163265306122,0,14.2857142857143,0,0,10.2040816326531,22.4489795918367
"RUNARMS5A_9B",2.12765957446809,29.7872340425532,10.6382978723404,0,8.51063829787234,0,6.38297872340426,0,4.25531914893617,4.25531914893617,0,4.25531914893617,2.12765957446809,27.6595744680851
"RUNARMS5B_1T",2.38095238095238,0,0,0,2.38095238095238,0,26.1904761904762,0,0,0,0,9.52380952380952,40.4761904761905,19.047619047619
"RUNARMS5B_2B",0,12.5,0,0,10,0,7.5,5,22.5,2.5,0,12.5,7.5,20
"RUNARMS5B_2T",2,0,0,0,2,0,18,2,0,10,0,4,32,30
"RUNARMS5B_3B",0,18.3673469387755,2.04081632653061,0,4.08163265306122,0,8.16326530612245,0,14.2857142857143,4.08163265306122,0,10.2040816326531,10.2040816326531,28.5714285714286
"RUNARMS5B_3T",2.4390243902439,0,0,0,0,0,21.9512195121951,0,0,0,0,9.75609756097561,46.3414634146341,19.5121951219512
"RUNARMS5B_4B",0,2.4390243902439,7.31707317073171,0,7.31707317073171,0,21.9512195121951,4.8780487804878,9.75609756097561,4.8780487804878,0,31.7073170731707,0,9.75609756097561
"RUNARMS5B_4T",2,12,0,0,0,0,26,0,0,6,0,0,48,6
"RUNARMS5B_5B",18.75,25,0,0,14.5833333333333,0,8.33333333333333,0,6.25,4.16666666666667,0,8.33333333333333,2.08333333333333,12.5
"RUNARMS5B_5T",0,2.5,0,0,0,2.5,35,0,2.5,0,0,7.5,32.5,17.5
"RUNARMS5B_6B",0,3.2258064516129,6.45161290322581,0,3.2258064516129,0,22.5806451612903,0,9.67741935483871,16.1290322580645,0,22.5806451612903,0,16.1290322580645
"RUNARMS5B_6T",8.33333333333333,6.25,0,0,0,0,8.33333333333333,8.33333333333333,2.08333333333333,4.16666666666667,0,2.08333333333333,45.8333333333333,14.5833333333333
"RUNARMS5B_7B",2.04081632653061,10.2040816326531,0,0,8.16326530612245,0,14.2857142857143,0,16.3265306122449,4.08163265306122,0,32.6530612244898,0,12.2448979591837
"RUNARMS5B_7T",0,0,2.5,0,0,0,22.5,0,0,2.5,0,10,40,22.5
"RUNARMS5B_8B",3.33333333333333,13.3333333333333,0,0,0,0,6.66666666666667,0,6.66666666666667,13.3333333333333,0,33.3333333333333,0,23.3333333333333
"RUNARMS5B_8T",6.38297872340426,6.38297872340426,2.12765957446809,0,0,0,0,0,2.12765957446809,0,0,4.25531914893617,61.7021276595745,17.0212765957447
"RUNARMS5B_9B",10.4166666666667,4.16666666666667,4.16666666666667,0,6.25,0,6.25,0,22.9166666666667,10.4166666666667,0,18.75,2.08333333333333,14.5833333333333
"RUNARMS5C_1T",0,0,0,0,0,3.03030303030303,30.3030303030303,0,0,24.2424242424242,0,12.1212121212121,21.2121212121212,9.09090909090909
"RUNARMS5C_2B",0,0,2.94117647058824,0,2.94117647058824,0,8.82352941176471,0,2.94117647058824,47.0588235294118,0,23.5294117647059,0,11.7647058823529
"RUNARMS5C_2T",2,24,0,0,14,0,12,10,0,8,0,0,18,12
"RUNARMS5C_3B",4.16666666666667,39.5833333333333,0,0,4.16666666666667,0,8.33333333333333,0,4.16666666666667,20.8333333333333,0,2.08333333333333,0,16.6666666666667
"RUNARMS5C_3T",0,0,0,0,0,4.54545454545455,22.7272727272727,0,0,13.6363636363636,0,6.81818181818182,40.9090909090909,11.3636363636364
"RUNARMS5C_4B",10.7142857142857,14.2857142857143,7.14285714285714,0,0,0,0,7.14285714285714,3.57142857142857,10.7142857142857,0,21.4285714285714,0,25
"RUNARMS5C_4T",12.2448979591837,8.16326530612245,2.04081632653061,0,10.2040816326531,0,8.16326530612245,12.2448979591837,0,8.16326530612245,0,0,30.6122448979592,8.16326530612245
"RUNARMS5C_5B",4.8780487804878,34.1463414634146,4.8780487804878,0,7.31707317073171,0,2.4390243902439,2.4390243902439,12.1951219512195,12.1951219512195,0,4.8780487804878,2.4390243902439,12.1951219512195
"RUNARMS5C_5T",2.7027027027027,2.7027027027027,0,0,0,0,29.7297297297297,2.7027027027027,0,13.5135135135135,0,0,35.1351351351351,13.5135135135135
"RUNARMS5C_6B",15,12.5,2.5,2.5,0,0,5,10,0,17.5,0,15,0,20
"RUNARMS5C_6T",6.52173913043478,17.3913043478261,0,0,4.34782608695652,0,4.34782608695652,8.69565217391304,0,23.9130434782609,0,0,23.9130434782609,10.8695652173913
"RUNARMS5C_7B",0,43.4782608695652,0,0,6.52173913043478,0,15.2173913043478,0,2.17391304347826,21.7391304347826,0,0,4.34782608695652,6.52173913043478
"RUNARMS5C_7T",7.69230769230769,2.56410256410256,0,2.56410256410256,0,0,28.2051282051282,0,0,15.3846153846154,0,2.56410256410256,20.5128205128205,20.5128205128205
"RUNARMS5C_8B",9.09090909090909,6.06060606060606,6.06060606060606,0,3.03030303030303,0,3.03030303030303,3.03030303030303,0,6.06060606060606,0,36.3636363636364,0,27.2727272727273
"RUNARMS5C_8T",6.25,25,2.08333333333333,0,6.25,0,10.4166666666667,6.25,4.16666666666667,8.33333333333333,0,6.25,8.33333333333333,16.6666666666667
"RUNARMS5C_9B",20.8333333333333,27.0833333333333,8.33333333333333,4.16666666666667,8.33333333333333,0,2.08333333333333,0,2.08333333333333,4.16666666666667,0,2.08333333333333,0,20.8333333333333
"RUNARMS6A_1T",8.33333333333333,0,0,0,5.55555555555556,2.77777777777778,13.8888888888889,0,0,0,0,8.33333333333333,25,36.1111111111111
"RUNARMS6A_2B",7.69230769230769,0,0,0,0,0,7.69230769230769,2.56410256410256,0,17.9487179487179,0,15.3846153846154,0,48.7179487179487
"RUNARMS6A_2T",14.2857142857143,14.2857142857143,0,0,2.04081632653061,2.04081632653061,8.16326530612245,0,0,2.04081632653061,0,0,26.530612244898,30.6122448979592
"RUNARMS6A_3B",4.16666666666667,31.25,2.08333333333333,0,22.9166666666667,0,8.33333333333333,2.08333333333333,0,0,0,4.16666666666667,0,25
"RUNARMS6A_3T",9.30232558139535,0,0,0,6.97674418604651,4.65116279069767,20.9302325581395,2.32558139534884,4.65116279069767,0,0,2.32558139534884,9.30232558139535,39.5348837209302
"RUNARMS6A_4B",8.33333333333333,2.77777777777778,2.77777777777778,0,0,0,5.55555555555556,0,0,13.8888888888889,0,27.7777777777778,0,38.8888888888889
"RUNARMS6A_4T",4.16666666666667,10.4166666666667,0,0,4.16666666666667,0,22.9166666666667,2.08333333333333,0,2.08333333333333,0,6.25,18.75,29.1666666666667
"RUNARMS6A_5B",29.1666666666667,6.25,2.08333333333333,0,6.25,2.08333333333333,14.5833333333333,0,0,8.33333333333333,0,10.4166666666667,4.16666666666667,16.6666666666667
"RUNARMS6A_5T",12.5,0,2.5,0,0,0,37.5,0,0,5,0,12.5,22.5,7.5
"RUNARMS6A_6B",2.85714285714286,11.4285714285714,0,0,0,5.71428571428571,2.85714285714286,8.57142857142857,0,8.57142857142857,0,42.8571428571429,0,17.1428571428571
"RUNARMS6A_6T",4.34782608695652,13.0434782608696,0,0,10.8695652173913,4.34782608695652,8.69565217391304,2.17391304347826,0,2.17391304347826,0,2.17391304347826,8.69565217391304,43.4782608695652
"RUNARMS6A_7B",0,25.531914893617,0,0,17.0212765957447,0,19.1489361702128,0,0,8.51063829787234,0,2.12765957446809,2.12765957446809,25.531914893617
"RUNARMS6A_7T",2.38095238095238,0,2.38095238095238,0,0,2.38095238095238,19.047619047619,2.38095238095238,2.38095238095238,7.14285714285714,0,19.047619047619,23.8095238095238,19.047619047619
"RUNARMS6A_8B",17.1428571428571,0,5.71428571428571,0,5.71428571428571,2.85714285714286,14.2857142857143,0,0,20,0,14.2857142857143,0,20
"RUNARMS6A_8T",41.6666666666667,6.25,10.4166666666667,0,4.16666666666667,0,0,0,2.08333333333333,6.25,0,0,10.4166666666667,18.75
"RUNARMS6A_9B",4.08163265306122,16.3265306122449,10.2040816326531,0,4.08163265306122,0,30.6122448979592,0,0,14.2857142857143,0,2.04081632653061,0,18.3673469387755
"RUNARMS6B_1T",0,0,0,0,0,0,43.9024390243902,9.75609756097561,4.8780487804878,0,0,7.31707317073171,19.5121951219512,14.6341463414634
"RUNARMS6B_2B",7.69230769230769,10.2564102564103,5.12820512820513,0,0,0,5.12820512820513,2.56410256410256,5.12820512820513,12.8205128205128,0,20.5128205128205,0,30.7692307692308
"RUNARMS6B_2T",26.530612244898,2.04081632653061,0,0,8.16326530612245,0,14.2857142857143,2.04081632653061,2.04081632653061,4.08163265306122,0,2.04081632653061,12.2448979591837,26.530612244898
"RUNARMS6B_3B",27.6595744680851,2.12765957446809,0,0,6.38297872340426,0,4.25531914893617,0,4.25531914893617,12.7659574468085,0,10.6382978723404,0,31.9148936170213
"RUNARMS6B_3T",0,0,0,0,0,2.63157894736842,47.3684210526316,0,2.63157894736842,2.63157894736842,0,13.1578947368421,10.5263157894737,21.0526315789474
"RUNARMS6B_4B",7.89473684210526,0,2.63157894736842,2.63157894736842,0,2.63157894736842,18.4210526315789,2.63157894736842,0,13.1578947368421,0,28.9473684210526,0,21.0526315789474
"RUNARMS6B_4T",2.12765957446809,2.12765957446809,0,0,8.51063829787234,0,12.7659574468085,6.38297872340426,0,14.8936170212766,0,12.7659574468085,14.8936170212766,25.531914893617
"RUNARMS6B_5B",2.04081632653061,2.04081632653061,0,0,16.3265306122449,2.04081632653061,4.08163265306122,4.08163265306122,0,16.3265306122449,0,30.6122448979592,0,22.4489795918367
"RUNARMS6B_5T",5.40540540540541,5.40540540540541,0,0,0,0,27.027027027027,0,0,8.10810810810811,0,2.7027027027027,24.3243243243243,27.027027027027
"RUNARMS6B_6B",21.6216216216216,5.40540540540541,2.7027027027027,0,0,2.7027027027027,10.8108108108108,5.40540540540541,2.7027027027027,8.10810810810811,0,29.7297297297297,0,10.8108108108108
"RUNARMS6B_6T",6.12244897959184,20.4081632653061,0,2.04081632653061,0,0,2.04081632653061,2.04081632653061,0,8.16326530612245,0,4.08163265306122,16.3265306122449,38.7755102040816
"RUNARMS6B_7B",24,30,0,0,0,2,12,0,0,6,0,2,0,24
"RUNARMS6B_7T",10.5263157894737,0,0,5.26315789473684,0,0,26.3157894736842,0,0,5.26315789473684,0,5.26315789473684,15.7894736842105,31.5789473684211
"RUNARMS6B_8B",9.75609756097561,9.75609756097561,7.31707317073171,0,0,0,2.4390243902439,0,4.8780487804878,14.6341463414634,0,17.0731707317073,0,34.1463414634146
"RUNARMS6B_8T",6.12244897959184,10.2040816326531,0,0,10.2040816326531,0,2.04081632653061,2.04081632653061,4.08163265306122,14.2857142857143,0,2.04081632653061,30.6122448979592,18.3673469387755
"RUNARMS6B_9B",4.16666666666667,25,6.25,0,2.08333333333333,0,8.33333333333333,0,2.08333333333333,12.5,0,16.6666666666667,0,22.9166666666667
"RUNARMS6C_1T",0,0,0,0,0,0,45.2380952380952,0,7.14285714285714,4.76190476190476,0,14.2857142857143,7.14285714285714,21.4285714285714
"RUNARMS6C_2B",6.25,0,3.125,3.125,0,0,25,6.25,6.25,9.375,0,12.5,0,28.125
"RUNARMS6C_2T",4.44444444444444,2.22222222222222,0,0,8.88888888888889,0,11.1111111111111,4.44444444444444,2.22222222222222,4.44444444444444,0,0,20,42.2222222222222
"RUNARMS6C_3B",0,6.12244897959184,0,0,14.2857142857143,0,20.4081632653061,0,6.12244897959184,14.2857142857143,0,8.16326530612245,2.04081632653061,28.5714285714286
"RUNARMS6C_3T",2.4390243902439,0,0,0,0,2.4390243902439,19.5121951219512,0,2.4390243902439,4.8780487804878,0,14.6341463414634,24.390243902439,29.2682926829268
"RUNARMS6C_4B",10.2564102564103,2.56410256410256,0,5.12820512820513,0,0,15.3846153846154,0,0,28.2051282051282,0,17.9487179487179,0,20.5128205128205
"RUNARMS6C_4T",30,2,0,0,4,8,4,2,0,6,0,4,12,28
"RUNARMS6C_5B",16.3265306122449,8.16326530612245,0,0,12.2448979591837,0,6.12244897959184,0,0,2.04081632653061,0,16.3265306122449,4.08163265306122,34.6938775510204
"RUNARMS6C_5T",5.40540540540541,2.7027027027027,0,0,0,2.7027027027027,18.9189189189189,2.7027027027027,0,5.40540540540541,0,5.40540540540541,21.6216216216216,35.1351351351351
"RUNARMS6C_6B",5.71428571428571,5.71428571428571,2.85714285714286,0,0,5.71428571428571,11.4285714285714,2.85714285714286,0,8.57142857142857,0,25.7142857142857,0,31.4285714285714
"RUNARMS6C_6T",0,10.4166666666667,0,0,16.6666666666667,0,12.5,8.33333333333333,0,2.08333333333333,0,2.08333333333333,10.4166666666667,37.5
"RUNARMS6C_7B",0,20.4081632653061,0,0,16.3265306122449,0,6.12244897959184,2.04081632653061,2.04081632653061,10.2040816326531,0,20.4081632653061,0,22.4489795918367
"RUNARMS6C_7T",5,2.5,0,0,0,0,20,0,7.5,2.5,0,12.5,10,40
"RUNARMS6C_8B",6.06060606060606,0,15.1515151515152,6.06060606060606,3.03030303030303,0,15.1515151515152,9.09090909090909,3.03030303030303,12.1212121212121,0,18.1818181818182,0,12.1212121212121
"RUNARMS6C_8T",6.25,8.33333333333333,2.08333333333333,0,10.4166666666667,2.08333333333333,8.33333333333333,2.08333333333333,0,2.08333333333333,0,0,12.5,45.8333333333333
"RUNARMS6C_9B",0,4,0,0,8,0,16,2,8,10,0,16,0,36
"RUNARMS7A_1T",0,2.63157894736842,0,0,2.63157894736842,0,39.4736842105263,0,5.26315789473684,5.26315789473684,0,10.5263157894737,26.3157894736842,7.89473684210526
"RUNARMS7A_2B",0,22.2222222222222,25,0,2.77777777777778,2.77777777777778,11.1111111111111,2.77777777777778,0,2.77777777777778,0,16.6666666666667,0,13.8888888888889
"RUNARMS7A_2T",8.51063829787234,19.1489361702128,0,0,4.25531914893617,0,4.25531914893617,10.6382978723404,0,4.25531914893617,0,2.12765957446809,25.531914893617,21.2765957446809
"RUNARMS7A_3B",0,50,0,0,6,2,2,0,2,10,0,2,10,16
"RUNARMS7A_3T",2.5,5,7.5,0,5,0,42.5,0,5,2.5,0,7.5,5,17.5
"RUNARMS7A_4B",16.2162162162162,18.9189189189189,5.40540540540541,0,0,0,5.40540540540541,2.7027027027027,2.7027027027027,2.7027027027027,0,29.7297297297297,0,16.2162162162162
"RUNARMS7A_4T",8.16326530612245,26.530612244898,0,0,0,0,2.04081632653061,10.2040816326531,10.2040816326531,2.04081632653061,0,0,18.3673469387755,22.4489795918367
"RUNARMS7A_5B",10.6382978723404,17.0212765957447,27.6595744680851,0,17.0212765957447,0,0,0,2.12765957446809,0,0,4.25531914893617,14.8936170212766,6.38297872340426
"RUNARMS7A_5T",2.32558139534884,6.97674418604651,13.953488372093,0,2.32558139534884,0,30.2325581395349,4.65116279069767,2.32558139534884,0,0,9.30232558139535,4.65116279069767,23.2558139534884
"RUNARMS7A_6B",10.8108108108108,21.6216216216216,5.40540540540541,0,8.10810810810811,0,8.10810810810811,2.7027027027027,5.40540540540541,13.5135135135135,0,18.9189189189189,0,5.40540540540541
"RUNARMS7A_6T",10.2040816326531,0,6.12244897959184,0,22.4489795918367,0,10.2040816326531,4.08163265306122,6.12244897959184,2.04081632653061,0,6.12244897959184,4.08163265306122,28.5714285714286
"RUNARMS7A_7B",0,8.16326530612245,53.0612244897959,0,22.4489795918367,0,4.08163265306122,2.04081632653061,0,0,0,2.04081632653061,0,8.16326530612245
"RUNARMS7A_7T",2.4390243902439,0,0,0,2.4390243902439,0,31.7073170731707,2.4390243902439,12.1951219512195,0,0,14.6341463414634,12.1951219512195,21.9512195121951
"RUNARMS7A_8B",4.76190476190476,7.14285714285714,19.047619047619,0,2.38095238095238,0,0,4.76190476190476,9.52380952380952,9.52380952380952,0,26.1904761904762,4.76190476190476,11.9047619047619
"RUNARMS7A_8T",36.734693877551,12.2448979591837,6.12244897959184,0,0,0,4.08163265306122,4.08163265306122,2.04081632653061,6.12244897959184,0,0,2.04081632653061,26.530612244898
"RUNARMS7A_9B",10.6382978723404,29.7872340425532,14.8936170212766,0,10.6382978723404,0,2.12765957446809,0,2.12765957446809,2.12765957446809,0,4.25531914893617,12.7659574468085,10.6382978723404
"RUNARMS7B_1T",7.5,0,0,0,0,0,47.5,0,2.5,0,0,5,27.5,10
"RUNARMS7B_2B",6.25,12.5,9.375,0,3.125,0,9.375,3.125,18.75,9.375,0,15.625,3.125,9.375
"RUNARMS7B_2T",8.16326530612245,12.2448979591837,0,0,0,0,10.2040816326531,16.3265306122449,10.2040816326531,4.08163265306122,0,2.04081632653061,18.3673469387755,18.3673469387755
"RUNARMS7B_3B",0,32.6530612244898,0,0,30.6122448979592,0,4.08163265306122,0,0,10.2040816326531,0,4.08163265306122,4.08163265306122,14.2857142857143
"RUNARMS7B_3T",0,0,0,0,0,0,25,0,5,0,0,5,45,20
"RUNARMS7B_4B",11.7647058823529,8.8235294117647,14.7058823529412,14.7058823529412,2.94117647058824,0,8.82352941176471,0,5.88235294117647,2.94117647058824,0,14.7058823529412,0,14.7058823529412
"RUNARMS7B_4T",12.2448979591837,12.2448979591837,12.2448979591837,0,6.12244897959184,2.04081632653061,10.2040816326531,4.08163265306122,2.04081632653061,2.04081632653061,0,4.08163265306122,14.2857142857143,18.3673469387755
"RUNARMS7B_5B",8.16326530612245,40.8163265306122,0,2.04081632653061,10.2040816326531,0,4.08163265306122,0,0,8.16326530612245,4.08163265306122,16.3265306122449,0,6.12244897959184
"RUNARMS7B_5T",2.7027027027027,0,5.40540540540541,0,0,0,29.7297297297297,2.7027027027027,2.7027027027027,8.10810810810811,0,10.8108108108108,16.2162162162162,21.6216216216216
"RUNARMS7B_6B",10.5263157894737,15.7894736842105,13.1578947368421,7.89473684210526,0,0,7.89473684210526,0,5.26315789473684,2.63157894736842,0,31.5789473684211,0,5.26315789473684
"RUNARMS7B_6T",14.2857142857143,4.08163265306122,18.3673469387755,2.04081632653061,6.12244897959184,0,10.2040816326531,4.08163265306122,0,0,0,8.16326530612245,10.2040816326531,22.4489795918367
"RUNARMS7B_7B",0,6.52173913043478,32.6086956521739,0,30.4347826086957,0,2.17391304347826,0,0,6.52173913043478,0,10.8695652173913,0,10.8695652173913
"RUNARMS7B_7T",2.56410256410256,0,0,5.12820512820513,0,0,20.5128205128205,2.56410256410256,12.8205128205128,2.56410256410256,0,5.12820512820513,17.9487179487179,30.7692307692308
"RUNARMS7B_8B",2.77777777777778,8.33333333333333,2.77777777777778,0,11.1111111111111,0,11.1111111111111,13.8888888888889,8.33333333333333,5.55555555555556,0,16.6666666666667,2.77777777777778,16.6666666666667
"RUNARMS7B_8T",14,6,6,0,10,0,4,2,2,4,0,4,28,20
"RUNARMS7B_9B",0,14,32,8,6,0,8,2,2,4,0,2,0,22
"RUNARMS7C_1T",0,0,0,7.5,0,2.5,32.5,0,17.5,2.5,0,2.5,17.5,17.5
"RUNARMS7C_2B",2.7027027027027,8.10810810810811,21.6216216216216,5.40540540540541,2.7027027027027,0,8.10810810810811,0,18.9189189189189,13.5135135135135,0,2.7027027027027,2.7027027027027,13.5135135135135
"RUNARMS7C_2T",10.6382978723404,6.38297872340426,0,0,4.25531914893617,0,12.7659574468085,2.12765957446809,2.12765957446809,2.12765957446809,0,2.12765957446809,34.0425531914894,23.4042553191489
"RUNARMS7C_3B",4.08163265306122,28.5714285714286,0,0,18.3673469387755,2.04081632653061,0,0,6.12244897959184,12.2448979591837,0,18.3673469387755,2.04081632653061,8.16326530612245
"RUNARMS7C_3T",7.89473684210526,5.26315789473684,7.89473684210526,0,2.63157894736842,0,18.4210526315789,0,0,0,0,2.63157894736842,44.7368421052632,10.5263157894737
"RUNARMS7C_4B",2.63157894736842,21.0526315789474,15.7894736842105,7.89473684210526,2.63157894736842,0,7.89473684210526,0,0,7.89473684210526,0,21.0526315789474,0,13.1578947368421
"RUNARMS7C_4T",4.16666666666667,2.08333333333333,0,0,10.4166666666667,6.25,10.4166666666667,6.25,8.33333333333333,6.25,0,4.16666666666667,27.0833333333333,14.5833333333333
"RUNARMS7C_5B",10,44,16,0,4,2,0,0,2,4,0,4,2,12
"RUNARMS7C_5T",5.55555555555556,0,16.6666666666667,2.77777777777778,0,0,19.4444444444444,2.77777777777778,8.33333333333333,2.77777777777778,0,11.1111111111111,16.6666666666667,13.8888888888889
"RUNARMS7C_6B",3.125,31.25,37.5,0,0,0,12.5,0,0,3.125,0,9.375,0,3.125
"RUNARMS7C_6T",12.5,6.25,20.8333333333333,0,8.33333333333333,0,2.08333333333333,4.16666666666667,2.08333333333333,0,0,2.08333333333333,27.0833333333333,14.5833333333333
"RUNARMS7C_7B",4.16666666666667,43.75,12.5,0,12.5,0,2.08333333333333,0,2.08333333333333,2.08333333333333,0,8.33333333333333,2.08333333333333,10.4166666666667
"RUNARMS7C_7T",2.4390243902439,4.8780487804878,2.4390243902439,0,0,0,24.390243902439,0,12.1951219512195,4.8780487804878,0,0,34.1463414634146,14.6341463414634
"RUNARMS7C_8B",7.5,17.5,35,2.5,7.5,0,5,0,2.5,5,0,5,2.5,10
"RUNARMS7C_8T",22.7272727272727,13.6363636363636,20.4545454545455,0,2.27272727272727,0,0,0,0,6.81818181818182,0,0,18.1818181818182,15.9090909090909
"RUNARMS7C_9B",0,39.5833333333333,16.6666666666667,0,2.08333333333333,0,4.16666666666667,0,2.08333333333333,12.5,0,8.33333333333333,0,14.5833333333333
"RUNARMS8A_1T",0,2.4390243902439,2.4390243902439,0,9.75609756097561,0,17.0731707317073,2.4390243902439,2.4390243902439,4.8780487804878,0,7.31707317073171,4.8780487804878,46.3414634146341
"RUNARMS8A_2B",3.03030303030303,15.1515151515152,0,0,6.06060606060606,0,9.09090909090909,0,12.1212121212121,12.1212121212121,0,33.3333333333333,0,9.09090909090909
"RUNARMS8A_2T",0,44,0,0,12,0,10,4,0,0,2,0,4,24
"RUNARMS8A_3B",0,44,0,0,8,0,12,0,4,2,4,16,0,10
"RUNARMS8A_3T",0,10.8108108108108,2.7027027027027,0,8.10810810810811,0,21.6216216216216,0,0,8.10810810810811,0,2.7027027027027,13.5135135135135,32.4324324324324
"RUNARMS8A_4B",2.85714285714286,28.5714285714286,2.85714285714286,0,11.4285714285714,0,14.2857142857143,2.85714285714286,0,0,0,22.8571428571429,0,14.2857142857143
"RUNARMS8A_4T",34.6938775510204,2.04081632653061,0,0,8.16326530612245,0,2.04081632653061,2.04081632653061,0,6.12244897959184,0,2.04081632653061,12.2448979591837,30.6122448979592
"RUNARMS8A_5B",12.2448979591837,2.04081632653061,14.2857142857143,0,34.6938775510204,0,2.04081632653061,0,0,8.16326530612245,0,12.2448979591837,0,14.2857142857143
"RUNARMS8A_5T",10.8108108108108,5.40540540540541,2.7027027027027,0,10.8108108108108,0,16.2162162162162,8.10810810810811,0,10.8108108108108,0,5.40540540540541,8.10810810810811,21.6216216216216
"RUNARMS8A_6B",30.9523809523809,19.047619047619,7.14285714285714,2.38095238095238,7.14285714285714,0,7.14285714285714,2.38095238095238,0,11.9047619047619,0,4.76190476190476,0,7.14285714285714
"RUNARMS8A_6T",81.6326530612245,0,0,0,2.04081632653061,2.04081632653061,0,0,0,0,0,0,0,14.2857142857143
"RUNARMS8A_7B",67.3913043478261,2.17391304347826,6.52173913043478,0,10.8695652173913,0,0,0,0,0,0,0,2.17391304347826,10.8695652173913
"RUNARMS8A_7T",2.56410256410256,20.5128205128205,7.69230769230769,0,0,0,23.0769230769231,0,2.56410256410256,0,0,0,20.5128205128205,23.0769230769231
"RUNARMS8A_8B",0,39.0243902439024,4.8780487804878,0,0,0,19.5121951219512,0,0,4.8780487804878,0,24.390243902439,0,7.31707317073171
"RUNARMS8A_8T",68.75,10.4166666666667,2.08333333333333,0,4.16666666666667,0,2.08333333333333,0,0,0,0,2.08333333333333,0,10.4166666666667
"RUNARMS8A_9B",28.5714285714286,24.4897959183673,36.734693877551,0,4.08163265306122,0,0,0,0,0,0,2.04081632653061,0,4.08163265306122
"RUNARMS8B_1T",3.2258064516129,0,0,0,0,0,22.5806451612903,0,9.67741935483871,0,0,3.2258064516129,25.8064516129032,35.4838709677419
"RUNARMS8B_2B",8.10810810810811,16.2162162162162,5.40540540540541,0,13.5135135135135,0,2.7027027027027,0,5.40540540540541,2.7027027027027,0,24.3243243243243,8.10810810810811,13.5135135135135
"RUNARMS8B_2T",10.2040816326531,16.3265306122449,36.734693877551,0,4.08163265306122,0,0,0,0,0,0,2.04081632653061,16.3265306122449,14.2857142857143
"RUNARMS8B_3B",0,57.1428571428571,0,0,22.4489795918367,2.04081632653061,0,4.08163265306122,0,0,2.04081632653061,2.04081632653061,6.12244897959184,4.08163265306122
"RUNARMS8B_3T",2.63157894736842,15.7894736842105,7.89473684210526,2.63157894736842,0,0,13.1578947368421,0,2.63157894736842,5.26315789473684,0,13.1578947368421,28.9473684210526,7.89473684210526
"RUNARMS8B_4B",2.38095238095238,35.7142857142857,9.52380952380952,4.76190476190476,0,0,4.76190476190476,4.76190476190476,0,0,0,23.8095238095238,0,14.2857142857143
"RUNARMS8B_4T",2.08333333333333,68.75,0,0,8.33333333333333,0,8.33333333333333,0,0,4.16666666666667,0,0,4.16666666666667,4.16666666666667
"RUNARMS8B_5B",6.06060606060606,12.1212121212121,12.1212121212121,6.06060606060606,0,0,24.2424242424242,0,0,0,0,12.1212121212121,12.1212121212121,15.1515151515152
"RUNARMS8B_5T",13.953488372093,16.2790697674419,0,2.32558139534884,9.30232558139535,0,20.9302325581395,0,0,2.32558139534884,0,9.30232558139535,13.953488372093,11.6279069767442
"RUNARMS8B_6B",20,25.7142857142857,5.71428571428571,0,2.85714285714286,0,8.57142857142857,0,5.71428571428571,5.71428571428571,0,20,0,5.71428571428571
"RUNARMS8B_6T",4,90,0,0,0,0,0,0,0,0,0,0,0,6
"RUNARMS8B_7B",0,84,0,0,0,0,10,0,0,0,4,0,0,2
"RUNARMS8B_7T",2.32558139534884,20.9302325581395,11.6279069767442,2.32558139534884,0,0,13.953488372093,2.32558139534884,11.6279069767442,0,0,11.6279069767442,4.65116279069767,18.6046511627907
"RUNARMS8B_8B",0,41.1764705882353,20.5882352941176,0,11.7647058823529,0,2.94117647058824,2.94117647058824,0,2.94117647058824,0,5.88235294117647,0,11.7647058823529
"RUNARMS8B_8T",4.08163265306122,61.2244897959184,0,0,0,0,4.08163265306122,0,0,2.04081632653061,0,8.16326530612245,0,20.4081632653061
"RUNARMS8B_9B",4.08163265306122,40.8163265306123,30.6122448979592,0,4.08163265306122,0,4.08163265306122,2.04081632653061,0,4.08163265306122,0,0,2.04081632653061,8.16326530612245
"RUNARMS8C_1T",2.77777777777778,5.55555555555556,5.55555555555556,0,2.77777777777778,0,33.3333333333333,0,5.55555555555556,2.77777777777778,0,11.1111111111111,13.8888888888889,16.6666666666667
"RUNARMS8C_2B",0,10,7.5,0,12.5,0,17.5,0,15,2.5,0,25,0,10
"RUNARMS8C_2T",10,28,18,0,6,0,6,2,0,8,0,0,10,12
"RUNARMS8C_3B",6.52173913043478,13.0434782608696,6.52173913043478,0,30.4347826086957,0,4.34782608695652,0,6.52173913043478,4.34782608695652,0,8.69565217391304,4.34782608695652,15.2173913043478
"RUNARMS8C_3T",5.71428571428571,5.71428571428571,17.1428571428571,2.85714285714286,0,0,34.2857142857143,2.85714285714286,2.85714285714286,0,0,5.71428571428571,14.2857142857143,8.57142857142857
"RUNARMS8C_4B",2.77777777777778,16.6666666666667,8.33333333333333,2.77777777777778,8.33333333333333,0,8.33333333333333,0,2.77777777777778,2.77777777777778,0,44.4444444444444,0,2.77777777777778
"RUNARMS8C_4T",18.75,2.08333333333333,31.25,0,12.5,0,6.25,2.08333333333333,0,2.08333333333333,0,4.16666666666667,12.5,8.33333333333333
"RUNARMS8C_5B",4.16666666666667,12.5,6.25,0,43.75,0,4.16666666666667,0,0,4.16666666666667,0,12.5,8.33333333333333,4.16666666666667
"RUNARMS8C_5T",2.63157894736842,0,7.89473684210526,0,2.63157894736842,0,42.1052631578947,0,2.63157894736842,15.7894736842105,0,2.63157894736842,7.89473684210526,15.7894736842105
"RUNARMS8C_6B",19.4444444444444,11.1111111111111,16.6666666666667,0,5.55555555555556,0,5.55555555555556,0,5.55555555555556,11.1111111111111,0,8.33333333333333,5.55555555555556,11.1111111111111
"RUNARMS8C_6T",14.8936170212766,4.25531914893617,2.12765957446809,0,12.7659574468085,0,4.25531914893617,8.51063829787234,0,6.38297872340426,0,6.38297872340426,23.4042553191489,17.0212765957447
"RUNARMS8C_7B",27.0833333333333,8.33333333333333,0,8.33333333333333,10.4166666666667,0,4.16666666666667,0,6.25,12.5,0,10.4166666666667,6.25,6.25
"RUNARMS8C_7T",2.5,0,10,0,0,0,20,0,5,7.5,0,7.5,27.5,20
"RUNARMS8C_8B",0,7.14285714285714,4.76190476190476,9.52380952380952,4.76190476190476,0,7.14285714285714,11.9047619047619,9.52380952380952,2.38095238095238,0,21.4285714285714,2.38095238095238,19.047619047619
"RUNARMS8C_8T",6.52173913043478,13.0434782608696,4.34782608695652,0,13.0434782608696,0,10.8695652173913,0,4.34782608695652,0,0,4.34782608695652,28.2608695652174,15.2173913043478
"RUNARMS8C_9B",2.08333333333333,20.8333333333333,18.75,0,12.5,0,6.25,0,8.33333333333333,0,0,10.4166666666667,12.5,8.33333333333333
"RUNARMS9A_1T",8.8235294117647,2.94117647058824,0,0,2.94117647058824,0,32.3529411764706,0,8.82352941176471,0,0,17.6470588235294,11.7647058823529,14.7058823529412
"RUNARMS9A_2B",8.33333333333333,0,2.77777777777778,0,2.77777777777778,0,8.33333333333333,13.8888888888889,8.33333333333333,13.8888888888889,0,19.4444444444444,11.1111111111111,11.1111111111111
"RUNARMS9A_2T",40,2,18,0,2,0,0,2,2,4,0,2,16,12
"RUNARMS9A_3B",17.3913043478261,4.34782608695652,0,0,19.5652173913043,0,0,0,2.17391304347826,17.3913043478261,0,6.52173913043478,17.3913043478261,15.2173913043478
"RUNARMS9A_3T",10.2564102564103,2.56410256410256,0,5.12820512820513,0,0,25.6410256410256,10.2564102564103,2.56410256410256,5.12820512820513,0,0,12.8205128205128,25.6410256410256
"RUNARMS9A_4B",15.3846153846154,10.2564102564103,5.12820512820513,0,0,5.12820512820513,10.2564102564103,5.12820512820513,12.8205128205128,5.12820512820513,0,25.6410256410256,0,5.12820512820513
"RUNARMS9A_4T",38,8,2,0,8,0,2,0,2,2,0,0,16,22
"RUNARMS9A_5B",8,24,2,0,34,0,6,0,0,4,0,10,0,12
"RUNARMS9A_5T",4.54545454545455,2.27272727272727,6.81818181818182,2.27272727272727,2.27272727272727,0,20.4545454545455,2.27272727272727,4.54545454545455,4.54545454545455,0,4.54545454545455,22.7272727272727,22.7272727272727
"RUNARMS9A_6B",6.06060606060606,9.09090909090909,24.2424242424242,0,0,0,9.09090909090909,3.03030303030303,9.09090909090909,3.03030303030303,0,18.1818181818182,3.03030303030303,15.1515151515152
"RUNARMS9A_6T",25,6.25,0,0,6.25,0,6.25,4.16666666666667,0,6.25,0,2.08333333333333,20.8333333333333,22.9166666666667
"RUNARMS9A_7B",6.25,10.4166666666667,0,2.08333333333333,25,0,2.08333333333333,6.25,0,4.16666666666667,0,8.33333333333333,12.5,22.9166666666667
"RUNARMS9A_7T",5.55555555555556,2.77777777777778,8.33333333333333,2.77777777777778,2.77777777777778,0,36.1111111111111,0,8.33333333333333,2.77777777777778,0,11.1111111111111,5.55555555555556,13.8888888888889
"RUNARMS9A_8B",10.2564102564103,7.69230769230769,17.9487179487179,0,7.69230769230769,0,12.8205128205128,7.69230769230769,10.2564102564103,5.12820512820513,0,10.2564102564103,2.56410256410256,7.69230769230769
"RUNARMS9A_8T",6,4,4,0,10,0,18,2,6,6,0,4,14,26
"RUNARMS9A_9B",20,18,10,0,6,0,6,2,2,12,0,10,2,12
"RUNARMS9B_1T",2.7027027027027,2.7027027027027,0,0,2.7027027027027,0,32.4324324324324,5.40540540540541,0,0,0,2.7027027027027,32.4324324324324,18.9189189189189
"RUNARMS9B_2B",6.06060606060606,30.3030303030303,0,0,3.03030303030303,0,6.06060606060606,0,6.06060606060606,9.09090909090909,0,21.2121212121212,6.06060606060606,12.1212121212121
"RUNARMS9B_2T",4,56,2,0,8,2,10,0,2,8,0,0,8,0
"RUNARMS9B_3B",0,80.8510638297872,0,2.12765957446809,6.38297872340426,0,0,0,0,2.12765957446809,0,2.12765957446809,2.12765957446809,4.25531914893617
"RUNARMS9B_3T",3.125,9.375,6.25,3.125,0,0,31.25,0,6.25,0,0,12.5,6.25,21.875
"RUNARMS9B_4B",29.4117647058824,14.7058823529412,2.94117647058824,2.94117647058824,2.94117647058824,0,17.6470588235294,0,11.7647058823529,0,0,8.82352941176471,0,8.82352941176471
"RUNARMS9B_4T",19.5652173913043,30.4347826086957,0,0,8.69565217391304,2.17391304347826,15.2173913043478,2.17391304347826,0,2.17391304347826,0,0,6.52173913043478,13.0434782608696
"RUNARMS9B_5B",0,89.5833333333333,0,0,4.16666666666667,0,0,4.16666666666667,0,0,0,0,0,2.08333333333333
"RUNARMS9B_5T",11.9047619047619,2.38095238095238,2.38095238095238,2.38095238095238,2.38095238095238,2.38095238095238,38.0952380952381,0,0,4.76190476190476,0,4.76190476190476,11.9047619047619,16.6666666666667
"RUNARMS9B_6B",0,2.32558139534884,11.6279069767442,4.65116279069767,2.32558139534884,4.65116279069767,11.6279069767442,2.32558139534884,13.953488372093,11.6279069767442,0,18.6046511627907,4.65116279069767,11.6279069767442
"RUNARMS9B_6T",8.33333333333333,45.8333333333333,0,0,2.08333333333333,2.08333333333333,2.08333333333333,2.08333333333333,0,10.4166666666667,0,0,4.16666666666667,22.9166666666667
"RUNARMS9B_7B",10,70,2,0,6,2,0,4,0,2,4,0,0,0
"RUNARMS9B_7T",2.5,17.5,0,0,10,0,22.5,7.5,0,5,0,7.5,7.5,20
"RUNARMS9B_8B",2.63157894736842,5.26315789473684,28.9473684210526,0,5.26315789473684,0,7.89473684210526,0,7.89473684210526,0,0,23.6842105263158,0,18.4210526315789
"RUNARMS9B_8T",10.4166666666667,27.0833333333333,0,0,12.5,2.08333333333333,16.6666666666667,0,2.08333333333333,4.16666666666667,0,4.16666666666667,6.25,14.5833333333333
"RUNARMS9B_9B",28.5714285714286,24.4897959183673,8.16326530612245,4.08163265306122,6.12244897959184,0,12.2448979591837,0,0,6.12244897959184,0,4.08163265306122,0,6.12244897959184
"RUNARMS9C_1T",2.7027027027027,0,0,2.7027027027027,0,0,29.7297297297297,0,8.10810810810811,2.7027027027027,0,5.40540540540541,40.5405405405405,8.10810810810811
"RUNARMS9C_2B",2.5,15,20,0,5,2.5,7.5,0,10,2.5,0,12.5,0,22.5
"RUNARMS9C_2T",4.16666666666667,33.3333333333333,8.33333333333333,0,12.5,0,0,0,2.08333333333333,2.08333333333333,0,2.08333333333333,25,10.4166666666667
"RUNARMS9C_3B",0,44.6808510638298,2.12765957446809,0,8.51063829787234,0,6.38297872340426,0,8.51063829787234,10.6382978723404,0,2.12765957446809,2.12765957446809,14.8936170212766
"RUNARMS9C_3T",2.4390243902439,2.4390243902439,12.1951219512195,0,2.4390243902439,0,24.390243902439,0,2.4390243902439,4.8780487804878,0,0,29.2682926829268,19.5121951219512
"RUNARMS9C_4B",11.1111111111111,13.8888888888889,2.77777777777778,0,2.77777777777778,0,5.55555555555556,0,5.55555555555556,16.6666666666667,0,13.8888888888889,0,27.7777777777778
"RUNARMS9C_4T",8.51063829787234,21.2765957446809,0,0,12.7659574468085,0,8.51063829787234,2.12765957446809,0,0,0,2.12765957446809,21.2765957446809,23.4042553191489
"RUNARMS9C_5B",6.25,66.6666666666667,0,0,8.33333333333333,0,8.33333333333333,0,4.16666666666667,2.08333333333333,0,2.08333333333333,2.08333333333333,0
"RUNARMS9C_5T",4.76190476190476,0,2.38095238095238,4.76190476190476,4.76190476190476,0,16.6666666666667,9.52380952380952,4.76190476190476,7.14285714285714,0,2.38095238095238,16.6666666666667,26.1904761904762
"RUNARMS9C_6B",16.6666666666667,11.1111111111111,16.6666666666667,0,2.77777777777778,0,5.55555555555556,2.77777777777778,2.77777777777778,13.8888888888889,0,13.8888888888889,0,13.8888888888889
"RUNARMS9C_6T",8,24,0,0,8,0,4,0,0,2,0,2,34,18
"RUNARMS9C_7B",6.25,6.25,0,2.08333333333333,25,0,2.08333333333333,2.08333333333333,4.16666666666667,8.33333333333333,0,2.08333333333333,4.16666666666667,37.5
"RUNARMS9C_7T",0,5.55555555555556,8.33333333333333,0,2.77777777777778,0,19.4444444444444,2.77777777777778,13.8888888888889,2.77777777777778,0,2.77777777777778,8.33333333333333,33.3333333333333
"RUNARMS9C_8B",22.2222222222222,27.7777777777778,5.55555555555556,0,2.77777777777778,0,11.1111111111111,0,2.77777777777778,0,0,5.55555555555556,2.77777777777778,19.4444444444444
"RUNARMS9C_8T",10.4166666666667,14.5833333333333,4.16666666666667,0,8.33333333333333,0,6.25,0,4.16666666666667,0,0,2.08333333333333,27.0833333333333,22.9166666666667
"RUNARMS9C_9B",8.51063829787234,27.6595744680851,8.51063829787234,0,14.8936170212766,0,2.12765957446809,0,2.12765957446809,2.12765957446809,0,2.12765957446809,10.6382978723404,21.2765957446809
