"","date","season","max.RUNA1","max.RUNA2","maxRUNA3","max.RUNA8","max.RUNA9","mean.RUNA1","mean.RUNA2","mean.RUNA3","mean.RUNA8","mean.RUNA9","amp.RUNA1","amp.RUNA2","amp.RUNA3","amp.RUNA8","amp.RUNA9","sd.RUNA1","sd.RUNA2","sd.RUNA3","sd.RUNA8","sd.RUNA9"
"1",2020-02-21,"summer",27.776,28.468,28.468,28.493,27.801,NA,NA,NA,NA,NA,0.885,0.544,0.791,0.717,1.13,0.255751631,0.150821014,0.214281391,0.197008993,0.303124299
"2",2020-02-22,"summer",27.628,28.345,28.345,28.369,27.505,NA,NA,NA,NA,NA,1.202,0.347,0.618,0.618,0.834,0.315196623,0.095238973,0.126190648,0.125699752,0.220788491
"3",2020-02-23,"summer",28.32,28.221,28.27,28.419,28.32,NA,NA,NA,NA,NA,1.233,0.863,0.42,0.569,1.134,0.454810352,0.230653498,0.095428012,0.122022027,0.299166087
"4",2020-02-24,"summer",28.345,28.543,28.196,28.221,28.369,27.8185357142857,27.9300178585714,28.0442321442857,28.0779107157143,27.8282023814286,0.371,2.239,0.838,0.839,0.47,0.112498084,0.603207224,0.165481029,0.165439199,0.138479155
"5",2020-02-25,"summer",28.419,28.419,28.097,28.147,28.196,27.8868928571429,27.9085535728571,28.0490892871429,28.08129762,27.8949940485714,0.988,2.066,0.567,0.543,0.691,0.185366363,0.594383713,0.123470791,0.120024726,0.136269873
"6",2020-02-26,"summer",28.122,28.147,28.171,28.196,28.072,27.9821666671429,27.9038392871429,28.0653035728571,28.0976547628571,28.0101607142857,0.272,1.794,0.395,0.371,0.173,0.047287262,0.479071989,0.094385647,0.091581268,0.06283219
"7",2020-02-27,"summer",28.122,28.221,28.32,28.345,28.171,28.0558273814286,27.9345773814286,28.1024642871429,28.1343809528571,28.0755833328571,0.247,1.158,0.495,0.47,0.395,0.057413309,0.296950577,0.180310677,0.173651638,0.099607045
"8",2020-02-28,"summer",28.147,28.394,28.444,28.468,28.295,28.1081785714286,27.9766428571429,28.1632797628571,28.1951071428571,28.14355357,0.666,0.963,0.545,0.544,0.593,0.155782126,0.221419138,0.135808022,0.129731991,0.171340067
"9",2020-02-29,"summer",28.27,28.345,28.493,28.518,28.593,28.1091964285714,28.0333869042857,28.1955595242857,28.2262440471429,28.1576904742857,0.814,0.396,0.47,0.446,0.792,0.176845256,0.112455716,0.130759293,0.128051931,0.222272633
"10",2020-03-01,"summer",28.345,28.419,28.916,28.941,28.543,28.1049285714286,28.12135119,28.2368035714286,28.2684047614286,28.1812440457143,0.297,0.865,1.091,1.116,0.446,0.096546593,0.211512754,0.277277917,0.27494252,0.115615923
"11",2020-03-02,"summer",28.766,28.493,28.717,28.742,28.866,28.1286369042857,28.2167857142857,28.2665476185714,28.29785119,28.2087619028571,0.644,1.504,0.892,0.917,0.794,0.210919171,0.315603253,0.228363804,0.228919259,0.213949794
"12",2020-03-03,"summer",28.419,28.518,28.568,28.593,28.345,28.1866964285714,28.3049702385714,28.3170059528571,28.3494880957143,28.2518988071429,0.914,0.717,1.481,1.457,0.544,0.193392927,0.159659148,0.411739714,0.416560083,0.143470336
"13",2020-03-04,"summer",28.221,28.667,28.617,28.642,28.245,28.2566607142857,28.3750297628571,28.36097619,28.3931607142857,28.2990119028571,0.544,1.137,1.186,1.235,0.321,0.130710322,0.294372423,0.30565699,0.311778896,0.088115527
"14",2020-03-05,"summer",28.419,28.941,28.717,28.742,28.394,28.2351904757143,28.4470059542857,28.3811607142857,28.4134821428571,28.26795238,0.495,1.485,0.916,0.867,0.519,0.159076388,0.336671988,0.23831139,0.230390937,0.114082699
"15",2020-03-06,"summer",28.841,28.816,28.791,28.816,28.518,27.9059404757143,28.5324642871429,28.3848571428571,28.4171428571429,28.0307142857143,0.917,0.471,0.743,0.694,0.421,0.231966167,0.103676537,0.200837481,0.201236162,0.120544387
"16",2020-03-07,"summer",28.568,28.742,28.742,28.766,28.518,27.7804821414286,28.5959166685714,28.4604345242857,28.4932023814286,28.0221309528571,0.248,0.348,0.521,0.521,0.223,0.070549898,0.093149706,0.117296717,0.117798395,0.050873084
"17",2020-03-08,"summer",28.419,28.866,28.841,28.891,28.419,27.6757202371429,28.6370416685714,28.50892262,28.54125,27.9753928571429,0.692,0.373,0.645,0.67,1.111,0.193661497,0.118023548,0.161177186,0.16489034,0.266522612
"18",2020-03-09,"summer",27.949,29.065,28.642,28.692,27.825,27.5074107142857,28.6553035728571,28.5480059542857,28.5799047614286,27.8740773814286,2.375,0.398,0.644,0.669,1.325,0.542818675,0.126237175,0.205284797,0.207885472,0.342464205
"19",2020-03-10,"summer",28.221,28.816,28.791,28.816,28.394,27.3428869042857,28.6490952385714,28.5311666685714,28.56145238,27.7852797628571,2.234,0.447,0.298,0.298,1.772,0.8936788,0.10887794,0.073766327,0.074367076,0.462061243
"20",2020-03-11,"summer",28.245,28.891,28.742,28.766,28.345,27.1879047614286,28.6467619042857,28.5199523828571,28.5494880942857,27.6928630957143,2.087,0.522,0.274,0.273,0.889,0.454965168,0.137932081,0.08231523,0.083315665,0.255480249
"21",2020-03-12,"summer",27.431,28.99,28.692,28.717,27.998,27.1394583328571,28.6412797614286,28.5159583342857,28.54610119,27.6386845242857,0.931,0.546,0.644,0.57,0.862,0.205915752,0.174186427,0.143032352,0.134731127,0.234010649
"22",2020-03-13,"summer",27.998,28.891,28.568,28.593,28.295,27.31825,28.6084404757143,28.5194821442857,28.5483154757143,27.7669702385714,1.523,0.695,0.594,0.595,1.159,0.481371393,0.163702983,0.146430252,0.150723545,0.302466096
"23",2020-03-14,"summer",27.949,29.04,28.742,28.766,28.122,27.4213928571429,28.55547619,28.4796309528571,28.5091547614286,27.77054762,1.18,1.19,0.595,0.595,0.715,0.304241037,0.231991188,0.150618285,0.151298672,0.174125637
"24",2020-03-15,"summer",28.048,28.941,28.642,28.667,27.998,27.5738571428571,28.5082916657143,28.4557202385714,28.4848154757143,27.8379047628571,1.353,0.497,0.372,0.347,1.254,0.346276464,0.125232472,0.10188513,0.097998225,0.329228344
"25",2020-03-16,"summer",28.072,28.667,28.766,28.766,28.27,27.7594047614286,28.3979880942857,28.3995833328571,28.42877381,27.9523273814286,1.719,0.322,0.669,0.619,0.937,0.433631648,0.079302896,0.16949642,0.160889444,0.298103559
"26",2020-03-17,"summer",28.345,28.543,28.617,28.642,28.394,27.8807321428571,28.3111488085714,28.3275833328571,28.3577916671429,27.9973869057143,1.625,1.554,0.569,0.545,0.717,0.334185013,0.323117951,0.151719845,0.1434661,0.165967497
"27",2020-03-18,"summer",28.543,28.369,28.568,28.593,28.493,27.9476785714286,28.2350357142857,28.2557976185714,28.2879523814286,28.0120833342857,0.569,0.864,0.323,0.298,0.421,0.13481751,0.180345803,0.120586602,0.119559086,0.128103665
"28",2020-03-19,"summer",28.518,28.295,28.419,28.444,28.468,27.9310595242857,28.1649821428571,28.1823095242857,28.2150357142857,28.0197857142857,0.52,1.379,1.233,1.16,0.321,0.139356362,0.368808619,0.255872842,0.237959563,0.084586805
"29",2020-03-20,"summer",28.369,28.245,28.122,28.122,28.245,27.95177381,28.1267678571429,28.1543214285714,28.1883392857143,27.9905714285714,0.692,0.42,0.814,0.814,0.518,0.155504975,0.149087217,0.153384687,0.157770007,0.127460792
"30",2020-03-21,"summer",28.048,28.245,28.27,28.32,28.097,27.87107143,28.1339702371429,28.1441369057143,28.1768690471429,27.9303392857143,0.715,0.666,0.543,0.569,0.444,0.145684983,0.154425982,0.18206544,0.184380042,0.102594884
"31",2020-03-22,"summer",27.899,28.32,28.245,28.295,27.924,27.7296607157143,28.1343749985714,28.1078690485714,28.14057738,27.8264345242857,0.713,0.544,0.937,0.913,0.419,0.154806278,0.125228024,0.279198685,0.265497223,0.115141304
"32",2020-03-23,"summer",27.702,28.543,28.543,28.568,27.677,27.6583154771429,28.19920238,28.1022380971429,28.13467857,27.78182143,0.271,0.396,0.742,0.743,0.221,0.091462355,0.128947214,0.243170543,0.232901325,0.057661619
"33",2020-03-24,"summer",27.53,28.493,28.419,28.444,27.998,27.6218630957143,28.2389464285714,28.1422500014286,28.1740952371429,27.7641845242857,0.443,0.272,0.396,0.396,0.517,0.127024105,0.062841185,0.085977078,0.089320371,0.206259857
"34",2020-03-25,"summer",27.653,28.369,28.295,28.32,27.875,27.6403690485714,28.247625,28.15124405,28.1817321414286,27.7737261914286,0.615,0.297,0.642,0.667,0.837,0.203723131,0.078969816,0.158978784,0.168836856,0.168681841
"35",2020-03-26,"summer",28.072,28.419,28.245,28.27,28.171,27.7037857157143,28.2414583328571,28.1741607157143,28.2031904757143,27.80092262,0.591,0.174,0.321,0.296,0.42,0.185675656,0.046337901,0.078143112,0.073791017,0.136112159
"36",2020-03-27,"summer",28.023,28.419,28.369,28.394,28.048,27.7838452385714,28.2045297614286,28.15292262,28.1812321428571,27.862875,0.518,0.223,0.321,0.322,0.297,0.145481211,0.056276234,0.10519795,0.100784954,0.062186241
"37",2020-03-28,"summer",28.147,28.245,28.369,28.369,28.072,27.9011369042857,28.1703452385714,28.1292083342857,28.1580892857143,27.924,0.322,0.444,0.494,0.47,0.222,0.086597855,0.105783892,0.159083425,0.155647729,0.067611623
"38",2020-03-29,"summer",28.295,28.221,28.245,28.295,28.122,28.0173690471429,28.1319702385714,28.117625,28.1457380957143,27.9965357142857,0.42,0.593,0.247,0.247,0.321,0.134272429,0.133890611,0.064182259,0.066148699,0.082014271
"39",2020-03-30,"summer",28.468,28.27,28.468,28.493,28.27,28.0591130957143,28.0687142857143,28.1073154757143,28.1350059528571,28.0143452371429,0.593,0.912,0.643,0.618,0.395,0.198681724,0.176325272,0.152216284,0.149673171,0.115720021
"40",2020-03-31,"winter",28.642,28.245,28.493,28.518,28.493,28.0969047628571,27.9919166657143,28.087875,28.1160357142857,28.0481666657143,0.668,0.395,0.643,0.619,0.544,0.168399494,0.092644237,0.161215132,0.156306132,0.163011247
"41",2020-04-01,"winter",28.568,28.221,28.394,28.419,28.32,28.1004464285714,27.9804999985714,28.06125,28.0919107142857,28.0637678557143,0.594,0.568,0.47,0.47,0.396,0.151691621,0.166150005,0.129011852,0.126107895,0.098980226
"42",2020-04-02,"winter",28.295,28.295,28.245,28.27,28.32,28.0141904757143,28.0305952371429,28.0565535714286,28.0883869042857,28.0291071414286,0.494,0.839,0.346,0.346,0.47,0.114650311,0.244306946,0.096080497,0.098029831,0.142605256
"43",2020-04-03,"winter",28.221,27.924,28.196,28.221,28.295,27.9282857142857,28.0723809514286,28.0699345242857,28.1019345228571,27.9718452371429,0.346,0.345,0.321,0.297,0.371,0.089027343,0.087764466,0.105456324,0.101949689,0.100360645
"44",2020-04-04,"winter",28.171,28.568,28.048,28.072,28.221,27.8706309528571,28.1000595228571,28.0859940471429,28.1176785714286,27.9318333314286,0.395,0.891,0.469,0.271,0.42,0.118441686,0.327974714,0.113205461,0.089100782,0.116050838
"45",2020-04-05,"winter",27.776,28.717,28.394,28.394,27.85,27.84442262,28.1472797614286,28.11439881,28.1466964285714,27.9221369028571,0.787,0.546,0.569,0.544,0.517,0.202471737,0.171207392,0.169788226,0.16885067,0.114801143
"46",2020-04-06,"winter",27.702,28.468,28.493,28.518,27.825,27.8616428571429,28.2016904757143,28.1555,28.1879107142857,27.93582738,0.394,0.321,0.421,0.421,0.369,0.129660845,0.086660716,0.104061855,0.106041419,0.113026065
"47",2020-04-07,"winter",27.924,28.419,28.444,28.493,27.949,27.8635476185714,28.2650892857143,28.1939226185714,28.2257380957143,27.9143869042857,0.32,0.248,0.372,0.396,0.37,0.110617953,0.078551827,0.129746883,0.129277227,0.119962283
"48",2020-04-08,"winter",28.147,28.444,28.543,28.568,28.245,27.7724583328571,28.290375,28.2442321414286,28.27417262,27.8198809528571,0.396,0.273,0.446,0.421,0.494,0.130888595,0.080938651,0.123214788,0.11869398,0.154907523
"49",2020-04-09,"winter",28.468,28.369,28.568,28.593,28.493,27.7787857142857,28.2524821428571,28.2505595228571,28.2796011914286,27.81917262,0.396,0.247,0.446,0.446,0.47,0.111367358,0.065414052,0.122871059,0.118572762,0.108884653
"50",2020-04-10,"winter",28.27,28.419,28.543,28.568,28.32,27.7906666671429,28.2167083342857,28.2240952371429,28.25369643,27.8595178585714,0.765,0.668,0.446,0.421,0.962,0.223418853,0.163000617,0.127078823,0.121702588,0.264506318
"51",2020-04-11,"winter",27.702,28.419,28.468,28.493,27.579,27.7487857142857,28.18504762,28.1731726185714,28.2048333342857,27.8401785728571,0.664,0.84,0.643,0.668,0.614,0.18894528,0.191013828,0.149952885,0.150419215,0.150846014
"52",2020-04-12,"winter",28.023,28.32,28.221,28.27,28.122,27.6143452371429,28.1494345242857,28.1334166657143,28.16727381,27.7604523814286,1.181,0.766,0.272,0.272,0.912,0.345927861,0.149782717,0.063105329,0.06176837,0.240687602
"53",2020-04-13,"winter",27.998,28.221,28.196,28.245,28.122,27.3413333328571,28.1116071442857,28.0902678571429,28.1248809528571,27.5446309528571,1.033,0.396,0.568,0.617,0.445,0.26421844,0.10866929,0.11523294,0.122933586,0.117349966
"54",2020-04-14,"winter",27.875,28.196,28.048,28.072,27.974,27.1379880942857,28.0587916685714,28.0161607142857,28.0551428571429,27.3598214285714,1.131,0.445,0.42,0.395,1.034,0.329284729,0.099630477,0.100246137,0.104515575,0.2513148
"55",2020-04-15,"winter",27.727,28.171,28.221,28.27,27.776,26.9380416657143,27.9758809542857,27.8897857142857,27.9272559528571,27.2115119042857,1.301,0.395,0.544,0.593,1.691,0.328982751,0.091216407,0.155701167,0.169542842,0.483552224
"56",2020-04-16,"winter",27.579,28.097,28.245,28.27,27.751,26.7138392842857,27.8571845257143,27.7482678571429,27.7857142857143,27.0212083328571,2.029,0.272,0.543,0.543,1.764,0.638597444,0.062564691,0.113078456,0.116665259,0.591551055
"57",2020-04-17,"winter",27.579,28.048,28.097,28.122,27.136,26.4019166642857,27.7307678585714,27.6039702385714,27.6418214285714,26.7152202371429,2.102,0.666,0.985,0.691,1.562,0.532280204,0.153606405,0.209133162,0.178343906,0.414704398
"58",2020-04-18,"winter",26.256,27.875,27.677,27.702,27.087,26.13038095,27.6266071442857,27.4911666671429,27.5278035714286,26.4720892857143,0.658,0.714,0.688,0.688,1.051,0.194996985,0.197628618,0.193434107,0.191589216,0.245259368
"59",2020-04-19,"winter",26.28,27.579,27.579,27.554,27.038,26.0223511885714,27.5118035728571,27.386625,27.4223452385714,26.3529047628571,0.706,0.516,0.614,0.565,1.343,0.163336493,0.137220064,0.158392691,0.15194383,0.338649596
"60",2020-04-20,"winter",25.744,27.456,27.186,27.235,25.963,26.0871845214286,27.3787559528571,27.2704940471429,27.30604762,26.3556666671429,0.825,0.418,1.466,1.467,0.51,0.220222808,0.118006356,0.30030791,0.302201907,0.166065532
"61",2020-04-21,"winter",26.329,27.579,27.358,27.382,26.695,26.0778690457143,27.2679047614286,27.1682916657143,27.2004285728571,26.3512083342857,1.313,0.639,0.393,0.393,1.218,0.320845483,0.142050811,0.103356285,0.102089581,0.481886463
"62",2020-04-22,"winter",26.744,27.407,27.53,27.579,26.916,26.1706845228571,27.1936904757143,27.1573154757143,27.19119643,26.39352381,1.34,0.344,0.467,0.492,0.709,0.344423431,0.077586231,0.139999974,0.141235792,0.238635702
"63",2020-04-23,"winter",26.842,27.235,27.407,27.431,26.891,26.3224999985714,27.1825297614286,27.1732559514286,27.2074404785714,26.4911964285714,0.269,0.344,0.271,0.27,0.342,0.057490012,0.08325389,0.065350102,0.062275626,0.1041908
"64",2020-04-24,"winter",26.793,27.235,27.21,27.235,26.769,26.5641249985714,27.1433095228571,27.2017142842857,27.2353154785714,26.6808690471429,0.464,0.393,0.27,0.27,0.171,0.125950042,0.102182905,0.082851349,0.083908324,0.054134494
"65",2020-04-25,"winter",26.842,27.407,27.53,27.53,26.842,26.7236190471429,27.06032738,27.14715476,27.1808988114286,26.7857083328571,0.44,0.467,0.492,0.443,0.416,0.153365411,0.125328026,0.115639244,0.108683217,0.118597847
"66",2020-04-26,"winter",27.259,27.456,27.456,27.481,27.235,26.7309880942857,27.0207142857143,27.0834761885714,27.1166309542857,26.7586130942857,0.833,0.418,0.32,0.295,0.466,0.248616986,0.112704275,0.081620532,0.077478457,0.151565144
"67",2020-04-27,"winter",27.186,27.382,27.358,27.382,27.21,26.6732321428571,27.0116845242857,27.0328154742857,27.0675535728571,26.7117380942857,0.197,1.419,0.32,0.319,0.221,0.048516843,0.346453206,0.097474105,0.096869019,0.065465211
"68",2020-04-28,"winter",26.94,27.21,26.891,26.94,27.014,26.6234047614286,26.9927142871429,27.0135416657143,27.04769643,26.6870119042857,1.123,2.484,0.465,0.465,0.685,0.287610231,0.507112857,0.135148523,0.129522423,0.229179191
"69",2020-04-29,"winter",26.5,27.112,27.038,27.063,26.524,26.6274642842857,26.9557857157143,26.9615297614286,26.9956845242857,26.6901904757143,0.415,0.368,0.416,0.392,0.268,0.102731675,0.105758946,0.131650614,0.130371376,0.088915599
"70",2020-04-30,"winter",26.5,27.21,27.014,27.038,26.451,26.5944999985714,26.8981250014286,26.8939345242857,26.9279285714286,26.6478809528571,0.342,0.417,0.392,0.318,0.22,0.09281397,0.119795773,0.113699451,0.105940842,0.05638532
"71",2020-05-01,"winter",26.524,27.014,27.063,27.087,26.72,26.5433214271429,26.8900476214286,26.8305833342857,26.8641428571429,26.6031130957143,0.901,0.27,0.27,0.269,0.562,0.249628155,0.071927449,0.070447933,0.069635061,0.192377045
"72",2020-05-02,"winter",26.744,26.989,26.965,26.989,26.793,26.5317857128571,26.8928988114286,26.8409583342857,26.8739107142857,26.5920119042857,0.342,0.367,0.172,0.147,0.22,0.093645338,0.095497012,0.046842861,0.046889305,0.048318613
"73",2020-05-03,"winter",26.891,26.989,26.867,26.891,26.842,26.5655119042857,26.8722083342857,26.8558392871429,26.8890773814286,26.6190535714286,0.367,0.391,0.196,0.196,0.22,0.122025271,0.103729363,0.051995384,0.05260786,0.075932417
"74",2020-05-04,"winter",26.94,27.014,27.186,27.235,26.989,26.6374047614286,26.8395416671429,26.84534524,26.8780059528571,26.6885059528571,0.391,0.294,0.564,0.589,0.465,0.085929656,0.095994414,0.152539921,0.149394715,0.097169917
"75",2020-05-05,"winter",26.793,27.235,27.063,27.087,26.818,26.7315357142857,26.8071904757143,26.81807143,26.85177381,26.7364226185714,0.537,1.807,0.856,0.831,0.562,0.172660679,0.34170809,0.19672083,0.194195997,0.15476995
"76",2020-05-06,"winter",26.818,26.916,27.038,27.087,26.916,26.75279762,26.7425714285714,26.7625892871429,26.7965654771429,26.7485119042857,0.538,0.392,0.318,0.318,0.49,0.196216366,0.087832092,0.074654567,0.072970909,0.115231965
"77",2020-05-07,"winter",27.014,26.989,26.94,26.965,26.989,26.7199047628571,26.69410119,26.6730119057143,26.7072559528571,26.7213095228571,0.343,0.563,0.318,0.319,0.245,0.104343904,0.151398259,0.109041069,0.104678104,0.077011951
"78",2020-05-08,"winter",27.014,26.94,26.965,27.014,26.94,26.6499404771429,26.6440178557143,26.5650119057143,26.6003928571429,26.6526666657143,0.147,0.684,0.661,0.636,0.269,0.038082648,0.142222722,0.164100927,0.15713264,0.064921971
"79",2020-05-09,"winter",26.867,26.671,26.695,26.744,26.842,26.5779940485714,26.6036488085714,26.4823869057143,26.5190654771429,26.5771071428571,0.172,1.097,0.586,0.61,0.269,0.04583303,0.256571709,0.164993934,0.165259019,0.054917709
"80",2020-05-10,"winter",26.671,26.72,26.304,26.329,26.671,26.519875,26.5550238085714,26.4074166671429,26.4439345242857,26.5120059514286,0.44,0.586,0.39,0.366,0.415,0.139577831,0.148840154,0.122601511,0.123302003,0.117682328
"81",2020-05-11,"winter",26.353,26.695,26.207,26.256,26.402,26.414125,26.5077321428571,26.36272619,26.3987797628571,26.40482738,0.341,0.464,0.341,0.366,0.293,0.071143863,0.125190261,0.093277481,0.098958489,0.055324275
"82",2020-05-12,"winter",26.231,26.622,26.451,26.5,26.231,26.32435119,26.4649702385714,26.3240178571429,26.35977381,26.324625,0.219,0.293,0.634,0.634,0.17,0.053600762,0.094211362,0.198279045,0.192971256,0.05508253
"83",2020-05-13,"winter",26.207,26.598,26.573,26.598,26.256,26.2766190471429,26.4764404757143,26.3212380942857,26.3565595242857,26.2776369057143,0.146,0.342,0.366,0.367,0.195,0.048029807,0.092398789,0.135892854,0.131266158,0.054180439
"84",2020-05-14,"winter",26.231,26.671,26.598,26.646,26.329,26.2568392857143,26.4543214285714,26.3555059514286,26.3906845242857,26.2495595242857,0.268,0.464,0.269,0.268,0.804,0.089520451,0.137549253,0.074734882,0.073786401,0.170555083
"85",2020-05-15,"winter",26.598,26.598,26.695,26.72,26.5,26.2519047628571,26.3599583342857,26.36682738,26.4024285714286,26.2499702385714,0.562,0.44,0.415,0.367,0.342,0.189501859,0.141810134,0.094859125,0.091016631,0.10704638
"86",2020-05-16,"winter",26.646,26.891,26.72,26.744,26.671,26.2382857142857,26.2988273814286,26.3296785714286,26.3642678571429,26.243,0.366,0.635,0.367,0.366,0.415,0.109215972,0.165984983,0.112843068,0.110754429,0.11061055
"87",2020-05-17,"winter",26.524,26.5,26.475,26.524,26.402,26.1968095242857,26.2684523814286,26.26302381,26.2981964285714,26.2199464285714,0.317,0.391,0.244,0.268,0.171,0.083136772,0.121454471,0.063142566,0.067985919,0.043336378
"88",2020-05-18,"winter",26.28,26.158,26.231,26.256,26.378,26.1324880957143,26.2447559528571,26.2003035728571,26.23575,26.1772976185714,0.146,0.608,0.341,0.342,0.196,0.040934177,0.148815316,0.08552735,0.084037507,0.047838023
"89",2020-05-19,"winter",26.207,26.524,26.158,26.207,26.231,26.0132380957143,26.2214821428571,26.1545357157143,26.1904047614286,26.0706547614286,0.366,0.926,0.365,0.39,0.268,0.106947764,0.293678516,0.104427416,0.101823795,0.067708615
"90",2020-05-20,"winter",25.963,26.451,26.085,26.134,26.158,25.8875297614286,26.1655357142857,26.0939821442857,26.1302738085714,25.9796666657143,0.219,0.439,0.341,0.366,0.292,0.060058848,0.119362247,0.102727081,0.105881086,0.089375571
"91",2020-05-21,"winter",25.89,26.426,26.304,26.329,25.939,25.8073035714286,26.1222738085714,26.0382619057143,26.0752559514286,25.8984464285714,0.389,0.341,0.584,0.585,0.268,0.096806611,0.098316251,0.202048351,0.204432548,0.078141072
"92",2020-05-22,"winter",25.55,26.329,26.256,26.28,25.671,25.7403035714286,26.1484940457143,26.0076428571429,26.0446547614286,25.8262321428571,0.17,0.195,0.22,0.195,0.17,0.046256825,0.051948117,0.057918593,0.055777882,0.039571253
"93",2020-05-23,"winter",25.793,26.207,26.182,26.207,25.89,25.6712261914286,26.1375714271429,26.0051547614286,26.0426190471429,25.7594642857143,0.438,0.195,0.243,0.244,0.292,0.152240061,0.057623198,0.069872231,0.068574724,0.069986528
"94",2020-05-24,"winter",25.89,26.231,26.109,26.158,25.866,25.65602381,26.0890952371429,25.9926904757143,26.0291369042857,25.7174523814286,0.243,0.317,0.243,0.268,0.171,0.065590282,0.074405275,0.079038607,0.078304682,0.063707836
"95",2020-05-25,"winter",25.817,26.182,26.012,26.036,25.89,25.6722142857143,26.0343988085714,25.96470238,26.0009999985714,25.7083511914286,0.194,0.292,0.365,0.365,0.17,0.050389336,0.105845629,0.104692372,0.096226635,0.041259496
"96",2020-05-26,"winter",25.695,26.085,26.109,26.134,25.72,25.7116904771429,25.97770238,25.92117857,25.95705357,25.73164881,0.291,0.146,0.316,0.293,0.195,0.081078956,0.037538,0.088551784,0.084765138,0.048711049
"97",2020-05-27,"winter",25.963,26.036,25.987,26.012,25.866,25.7407678585714,25.9333630942857,25.8797321414286,25.9157202371429,25.7236785714286,0.438,0.316,0.267,0.268,0.316,0.159763866,0.105039459,0.061037987,0.060529053,0.120702653
"98",2020-05-28,"winter",25.866,25.987,25.987,26.012,25.914,25.71819643,25.8907619042857,25.8343988085714,25.8687738085714,25.7070476185714,0.195,0.292,0.364,0.365,0.316,0.044552668,0.086397925,0.104764851,0.102090105,0.074204574
"99",2020-05-29,"winter",26.012,25.987,26.036,26.061,25.89,25.69492262,25.8526726185714,25.7904285714286,25.8234642842857,25.67422619,0.438,0.34,0.438,0.366,0.34,0.110665371,0.113196891,0.098809792,0.09147103,0.10051141
"100",2020-05-30,"winter",25.866,26.012,25.89,25.939,25.817,25.6374464285714,25.8270178557143,25.72747619,25.7604940457143,25.6248035714286,0.146,0.438,0.34,0.268,0.219,0.036558247,0.094997788,0.109210573,0.099000659,0.045345933
"101",2020-05-31,"winter",25.72,25.866,25.89,25.914,25.841,25.5475595242857,25.8077619028571,25.6771547614286,25.71115476,25.5525416671429,0.292,0.243,0.34,0.34,0.34,0.062416538,0.079120883,0.108510068,0.105621753,0.103482828
"102",2020-06-01,"winter",25.744,26.061,25.744,25.768,25.671,25.4209404771429,25.7722976171429,25.6414226185714,25.6749761885714,25.45735119,0.316,0.487,0.316,0.291,0.267,0.076769453,0.155284026,0.110130152,0.109134407,0.067065496
"103",2020-06-02,"winter",25.477,26.061,25.623,25.671,25.38,25.3424821428571,25.73020238,25.602375,25.63590476,25.4034345228571,0.485,0.39,0.268,0.291,0.243,0.138150097,0.122276919,0.081299756,0.084314241,0.077598138
"104",2020-06-03,"winter",25.258,25.866,25.695,25.72,25.258,25.2642678571429,25.6893988085714,25.5540714285714,25.5881726171429,25.3405535714286,0.266,0.171,0.461,0.437,0.121,0.087572237,0.047799324,0.15054432,0.148904989,0.045868116
"105",2020-06-04,"winter",25.065,25.744,25.744,25.793,25.258,25.1740357142857,25.64847619,25.4645297614286,25.5004940457143,25.2575297614286,0.242,0.243,0.316,0.316,0.266,0.059662441,0.066766085,0.083854591,0.083317611,0.057619944
"106",2020-06-05,"winter",25.404,25.671,25.72,25.72,25.501,25.01314881,25.59064881,25.4050059514286,25.4421488085714,25.1324880957143,0.509,0.218,0.267,0.243,0.364,0.174222663,0.066593293,0.052703006,0.054397823,0.114283274
"107",2020-06-06,"winter",25.331,25.695,25.647,25.695,25.404,24.9801607157143,25.5088452385714,25.3690416657143,25.4064404757143,25.1050952385714,0.145,0.291,0.437,0.461,0.17,0.03528063,0.095300431,0.129410362,0.131171747,0.041651678
"108",2020-06-07,"winter",25.162,25.671,25.21,25.258,25.234,24.9571190485714,25.4211369057143,25.32772619,25.3649821428571,25.077125,0.388,0.34,0.291,0.29,0.339,0.109929094,0.09372145,0.093397458,0.096231821,0.102029692
"109",2020-06-08,"winter",24.774,25.453,25.355,25.404,24.919,24.9290357142857,25.3473630957143,25.2661964285714,25.3038869057143,25.0376547628571,0.531,0.267,0.363,0.388,0.435,0.169378831,0.079388788,0.121258191,0.119988375,0.123431346
"110",2020-06-09,"winter",25.162,25.404,25.404,25.428,25.162,24.84979762,25.2774821428571,25.2016607142857,25.2401845257143,24.9485773828571,0.799,0.339,0.339,0.339,0.388,0.226107307,0.105470779,0.099955633,0.099579542,0.111986283
"111",2020-06-10,"winter",25.065,25.283,25.283,25.331,25.089,24.8111607157143,25.1985416671429,25.14164881,25.1798511928571,24.8904821442857,0.242,0.291,0.267,0.266,0.194,0.05767274,0.07452097,0.080064603,0.079758047,0.050739156
"112",2020-06-11,"winter",24.823,25.283,25.283,25.307,24.944,24.8144642871429,25.1238214285714,25.1402083342857,25.1779761928571,24.8838333357143,0.266,0.339,0.291,0.267,0.267,0.078334555,0.090183509,0.087417497,0.083106521,0.086749003
"113",2020-06-12,"winter",24.919,25.137,25.21,25.234,24.944,24.8682678585714,25.0532976185714,25.12032143,25.1570892871429,24.9130595257143,0.556,0.242,0.194,0.169,0.436,0.174265581,0.070553711,0.061906998,0.058126299,0.150692309
"114",2020-06-13,"winter",25.065,25.089,25.162,25.21,25.04,24.8408928585714,24.9846904757143,25.0510119071429,25.0866130957143,24.86694643,0.242,0.363,0.315,0.315,0.242,0.081487618,0.100631835,0.085503019,0.082450501,0.07148989
"115",2020-06-14,"winter",25.089,25.04,25.162,25.186,25.089,24.7907678585714,24.9113690471429,24.9529404785714,24.9879285714286,24.8087916685714,0.145,0.217,0.315,0.291,0.145,0.035375599,0.063866581,0.068900566,0.067113575,0.037130181
"116",2020-06-15,"winter",24.944,24.944,25.162,25.186,24.944,24.7709047642857,24.8698690471429,24.8807916685714,24.9166369042857,24.7683392871429,0.17,0.17,0.267,0.242,0.146,0.04589684,0.058488944,0.076859933,0.07350509,0.033243502
"117",2020-06-16,"winter",24.798,24.919,24.992,25.016,24.798,24.7440059542857,24.8302619042857,24.8250238114286,24.8592738085714,24.7236130957143,0.169,0.314,0.435,0.435,0.169,0.047083625,0.080497356,0.110058672,0.108449539,0.050917933
"118",2020-06-17,"winter",24.702,24.871,24.605,24.653,24.726,24.6436190485714,24.8017678571429,24.7849523828571,24.8182380942857,24.6317202385714,0.194,0.508,0.169,0.193,0.242,0.047718813,0.157976281,0.055258221,0.058665596,0.070489579
"119",2020-06-18,"winter",24.629,25.04,24.919,24.968,24.581,24.5470952385714,24.7690476185714,24.7400000014286,24.7727142857143,24.5502440471429,0.121,0.411,0.652,0.605,0.169,0.043927476,0.0993913,0.249393493,0.244076654,0.044925845
"120",2020-06-19,"winter",24.532,24.847,24.798,24.823,24.436,24.5057797614286,24.7432738085714,24.6975178585714,24.7301845242857,24.5056369042857,0.217,0.17,0.169,0.17,0.097,0.06067971,0.047351828,0.047673634,0.04548895,0.033539696
"121",2020-06-20,"winter",24.291,24.871,24.823,24.871,24.315,24.4923809514286,24.7291726185714,24.6905892871429,24.72342262,24.4856547614286,0.145,0.218,0.218,0.242,0.144,0.030175543,0.057504379,0.069165405,0.069240274,0.037892296
"122",2020-06-21,"winter",24.557,24.798,24.847,24.871,24.581,24.4826130942857,24.7238214285714,24.7127261914286,24.7448869057143,24.4791845228571,0.411,0.217,0.266,0.266,0.386,0.151604122,0.075650752,0.07943796,0.074771342,0.093723218
"123",2020-06-22,"winter",24.702,24.798,24.823,24.871,24.653,24.4659464271429,24.6911130957143,24.7186071442857,24.7490357157143,24.4721369042857,0.29,0.241,0.242,0.266,0.217,0.102778325,0.074996183,0.072116439,0.071596089,0.054233192
"124",2020-06-23,"winter",24.653,24.75,24.871,24.895,24.629,24.4369464271429,24.6516845242857,24.7063630957143,24.73679762,24.45189881,0.072,0.193,0.339,0.29,0.072,0.021789507,0.061445628,0.090523107,0.083595461,0.020608145
"125",2020-06-24,"winter",24.605,24.726,24.798,24.823,24.605,24.4408333328571,24.6106607142857,24.6819166671429,24.7118809528571,24.47514881,0.121,0.242,0.266,0.266,0.121,0.033993499,0.070439562,0.075508602,0.074854787,0.033605124
"126",2020-06-25,"winter",24.532,24.702,24.798,24.823,24.557,24.4835178571429,24.5829047628571,24.6729702385714,24.7016607142857,24.5059345242857,0.144,0.242,0.29,0.291,0.194,0.039391016,0.072495265,0.080650065,0.079483648,0.04815056
"127",2020-06-26,"winter",24.339,24.605,24.75,24.774,24.388,24.49689881,24.5528333342857,24.6593154757143,24.68827381,24.5208809528571,0.193,0.217,0.266,0.266,0.242,0.057713922,0.060378696,0.071474519,0.06790273,0.060726385
"128",2020-06-27,"winter",24.581,24.702,24.653,24.677,24.677,24.4865357142857,24.5259285728571,24.6391666657143,24.6689702385714,24.5184404771429,0.531,0.411,0.217,0.193,0.531,0.158526549,0.116852936,0.053286959,0.051277856,0.128684059
"129",2020-06-28,"winter",24.823,24.677,24.774,24.798,24.895,24.4758928571429,24.5010595242857,24.6247797614286,24.6545714285714,24.5148333342857,0.266,0.289,0.169,0.193,0.338,0.065907654,0.084074232,0.042800515,0.045876784,0.082116026
"130",2020-06-29,"winter",24.702,24.653,24.726,24.774,24.702,24.484625,24.4723333328571,24.5738749985714,24.60410119,24.520125,0.145,0.314,0.169,0.169,0.073,0.047543344,0.078708,0.057359264,0.057232918,0.026890782
"131",2020-06-30,"winter",24.605,24.702,24.677,24.702,24.653,24.4975297614286,24.4565297614286,24.54367857,24.5737440471429,24.5358869042857,0.121,0.435,0.217,0.194,0.121,0.038223575,0.10069915,0.060144934,0.059915157,0.031203284
"132",2020-07-01,"winter",24.653,24.557,24.702,24.726,24.605,24.4924999985714,24.43757738,24.53202976,24.5618095228571,24.5130654757143,0.362,0.29,0.242,0.242,0.193,0.118693217,0.078562446,0.074186994,0.075888636,0.045006521
"133",2020-07-02,"winter",24.557,24.629,24.412,24.436,24.557,24.4305833314286,24.4173452371429,24.4924999985714,24.5231249985714,24.4474166671429,0.097,0.483,0.193,0.169,0.097,0.029074585,0.140277204,0.052849235,0.048885848,0.028150089
"134",2020-07-03,"winter",24.46,24.557,24.629,24.653,24.46,24.3648333314286,24.3999583328571,24.4520952371429,24.4820119028571,24.3827916671429,0.217,0.386,0.41,0.386,0.145,0.059639482,0.122526239,0.140825414,0.137932397,0.054504737
"135",2020-07-04,"winter",24.339,24.46,24.605,24.629,24.339,24.3176249985714,24.3786904757143,24.4199047614286,24.4485178557143,24.3309464285714,0.193,0.314,0.242,0.241,0.144,0.048604418,0.081353585,0.075765645,0.076216321,0.040642663
"136",2020-07-05,"winter",24.291,24.653,24.484,24.508,24.291,24.2751607128571,24.3840357142857,24.38785119,24.4164464271429,24.2821547614286,0.12,0.482,0.169,0.145,0.169,0.041064107,0.165889609,0.046805623,0.047535494,0.044341478
"137",2020-07-06,"winter",24.219,24.484,24.436,24.484,24.243,24.2111428557143,24.4006964285714,24.3957797614286,24.4237738085714,24.2188571428571,0.048,0.217,0.193,0.217,0.072,0.021133118,0.059185642,0.060876077,0.062070787,0.019354811
"138",2020-07-07,"winter",24.267,24.436,24.46,24.484,24.243,24.1595238085714,24.4160654757143,24.41202381,24.4398690471429,24.1600654757143,0.048,0.169,0.169,0.169,0.024,0.012758629,0.06001194,0.058800264,0.057280378,0.009956427
"139",2020-07-08,"winter",24.219,24.581,24.484,24.508,24.219,24.1266726185714,24.43202381,24.4242440485714,24.4529702385714,24.15460119,0.073,0.193,0.265,0.265,0.121,0.024205042,0.070032446,0.068637345,0.070812047,0.030640239
"140",2020-07-09,"winter",24.122,24.677,24.581,24.629,24.146,24.1520654757143,24.4427797614286,24.4527261914286,24.4818630957143,24.1913333328571,0.096,0.338,0.338,0.362,0.168,0.030233871,0.114468779,0.144911211,0.145556198,0.040021733
"141",2020-07-10,"winter",24.026,24.677,24.629,24.677,24.026,24.1899047614286,24.4482559514286,24.4784583342857,24.5080178571429,24.2371071428571,0.145,0.338,0.169,0.217,0.193,0.041071848,0.109543709,0.06213938,0.065104473,0.0469835
"142",2020-07-11,"winter",24.315,24.653,24.702,24.75,24.412,24.21645238,24.4446726171429,24.50389881,24.5346071428571,24.279875,0.578,0.386,0.314,0.314,0.651,0.232407812,0.108775189,0.105435845,0.10483962,0.224495812
"143",2020-07-12,"winter",24.581,24.581,24.702,24.726,24.726,24.2531845228571,24.41705357,24.5261904757143,24.55775,24.33154762,0.314,0.242,0.17,0.145,0.435,0.110229109,0.065268995,0.039259449,0.039889975,0.143814639
"144",2020-07-13,"winter",24.557,24.532,24.605,24.653,24.677,24.29797619,24.3895952371429,24.53910119,24.5705297614286,24.3955654771429,0.242,0.313,0.217,0.241,0.241,0.070482383,0.082877321,0.081363917,0.080682371,0.055534491
"145",2020-07-14,"winter",24.46,24.412,24.653,24.726,24.605,24.3459940471429,24.3393571428571,24.4864047614286,24.5179880942857,24.46184524,0.265,0.29,0.265,0.29,0.145,0.076078716,0.077368671,0.076580733,0.082413943,0.05832429
"146",2020-07-15,"winter",24.508,24.412,24.629,24.677,24.581,24.37097619,24.2835178571429,24.37372619,24.4054226171429,24.4701666685714,0.145,0.266,0.217,0.217,0.073,0.037182838,0.070758571,0.062866779,0.062344052,0.0207656
"147",2020-07-16,"winter",24.436,24.46,24.677,24.726,24.557,24.317875,24.2219523814286,24.2725,24.3046309514286,24.4166130971429,0.121,0.314,0.362,0.387,0.073,0.034561828,0.067054366,0.104195434,0.107988023,0.022400141
"148",2020-07-17,"winter",24.363,24.267,24.388,24.412,24.484,24.2313273814286,24.1565119057143,24.1819226185714,24.2137619042857,24.3270535728571,0.192,0.41,0.483,0.482,0.193,0.057268248,0.099575612,0.119570487,0.117981084,0.049097046
"149",2020-07-18,"winter",24.267,24.363,23.905,23.93,24.339,24.1417797628571,24.1004107157143,24.0788630942857,24.1099702371429,24.2312857157143,0.121,0.554,0.336,0.313,0.168,0.036045035,0.166150709,0.080841229,0.077642949,0.042352558
"150",2020-07-19,"winter",24.195,24.146,24.002,24.026,24.195,24.0459285728571,24.0232797628571,23.9523869042857,23.9831904757143,24.1275119057143,0.29,0.216,0.361,0.289,0.217,0.069001877,0.066106633,0.07939933,0.073283238,0.063125594
"151",2020-07-20,"winter",23.93,24.267,24.074,24.098,23.978,23.93942262,23.9472797628571,23.8243392857143,23.8562797614286,24.0103511914286,0.145,0.554,0.337,0.337,0.121,0.041633472,0.163556881,0.101242704,0.100025649,0.035595554
"152",2020-07-21,"winter",23.881,23.978,23.954,23.978,23.905,23.8176428585714,23.8954880957143,23.7356547614286,23.7671428571429,23.8695595242857,0.216,0.121,0.241,0.217,0.12,0.056386862,0.033574058,0.064355613,0.061527168,0.030577059
"153",2020-07-22,"winter",23.833,23.857,23.761,23.785,23.857,23.6845178585714,23.8400178571429,23.6966071428571,23.72767262,23.7244166671429,0.144,0.312,0.264,0.264,0.12,0.036303072,0.092524027,0.07240466,0.07522488,0.029447079
"154",2020-07-23,"winter",23.713,24.074,23.785,23.833,23.809,23.57979762,23.7905892857143,23.6605357142857,23.6911547628571,23.5958214285714,0.144,0.529,0.385,0.409,0.216,0.040642663,0.138056168,0.113333003,0.112872499,0.067015897
"155",2020-07-24,"winter",23.569,23.881,23.737,23.737,23.617,23.50864881,23.7477857142857,23.63589881,23.6663690485714,23.5114642857143,0.241,0.264,0.289,0.289,0.313,0.08402276,0.06229523,0.076953579,0.079745417,0.086114307
"156",2020-07-25,"winter",23.328,23.809,23.617,23.665,23.328,23.4716130957143,23.7101428571429,23.6156011914286,23.64592262,23.4648690471429,0.144,0.337,0.217,0.241,0.12,0.036760092,0.124749946,0.062778192,0.064595719,0.041819488
"157",2020-07-26,"winter",23.352,23.761,23.785,23.809,23.304,23.4394702385714,23.7034285714286,23.6213154771429,23.6512083342857,23.4312976185714,0.144,0.216,0.457,0.433,0.264,0.038547543,0.062026642,0.123705441,0.126315312,0.09063256
"158",2020-07-27,"winter",23.424,23.737,23.785,23.809,23.448,23.4270297628571,23.7024107142857,23.6354940485714,23.6646547628571,23.41472619,0.144,0.24,0.144,0.12,0.168,0.046543108,0.070031049,0.041254249,0.037988557,0.045854211
"159",2020-07-28,"winter",23.617,23.713,23.737,23.761,23.617,23.4526607142857,23.7026964285714,23.6767023814286,23.7058690485714,23.43897619,0.217,0.216,0.096,0.096,0.265,0.068480559,0.043519111,0.026163366,0.027333687,0.085344146
"160",2020-07-29,"winter",23.569,23.833,23.761,23.785,23.593,23.5146607142857,23.7271785714286,23.7275,23.7556666671429,23.4968333328571,0.072,0.264,0.216,0.216,0.072,0.026715897,0.087772433,0.074786653,0.074563075,0.024173287
"161",2020-07-30,"winter",23.617,23.833,23.761,23.785,23.665,23.5548035714286,23.7496071428571,23.73222619,23.76025,23.5568333328571,0.145,0.096,0.168,0.144,0.144,0.0399923,0.034671126,0.051269111,0.051755277,0.032431868
"162",2020-07-31,"winter",23.857,23.905,24.026,24.074,23.737,23.5682678571429,23.7648928571429,23.7230833328571,23.75125,23.5763035714286,0.385,0.24,0.313,0.337,0.24,0.127297829,0.073654894,0.096070023,0.098327674,0.081592839
"163",2020-08-01,"winter",23.881,24.05,24.026,24.05,23.689,23.5381607142857,23.7770357142857,23.7309404757143,23.7596785714286,23.5446130957143,0.288,0.313,0.337,0.313,0.048,0.070417389,0.090446357,0.084666224,0.082324814,0.019055982
"164",2020-08-02,"winter",23.617,23.905,23.761,23.809,23.665,23.5040357142857,23.7850357142857,23.75482738,23.7840119042857,23.5171011914286,0.12,0.192,0.192,0.216,0.12,0.026163366,0.056580839,0.055716675,0.057495557,0.028729624
"165",2020-08-03,"winter",23.521,23.905,23.809,23.833,23.545,23.5077559514286,23.7736071428571,23.7711190471429,23.80160119,23.5172440485714,0.193,0.384,0.288,0.288,0.193,0.043724682,0.100788198,0.092540943,0.090147705,0.048870262
"166",2020-08-04,"winter",23.376,23.833,23.833,23.881,23.352,23.4944464285714,23.7630357142857,23.7576428571429,23.7886904757143,23.5143869057143,0.096,0.264,0.288,0.288,0.096,0.027333687,0.084235694,0.092224678,0.092676154,0.032799788
"167",2020-08-05,"winter",23.497,23.881,24.002,24.026,23.665,23.47772619,23.7304166671429,23.74477381,23.77725,23.4983809528571,0.337,0.264,0.337,0.313,0.481,0.12554622,0.085654513,0.092564891,0.088764793,0.190607933
"168",2020-08-06,"winter",23.689,23.833,23.954,23.978,23.641,23.4754345228571,23.6766130957143,23.7157023814286,23.74889881,23.4850773814286,0.217,0.336,0.313,0.289,0.144,0.050753007,0.098489461,0.080148492,0.078646879,0.034656074
"169",2020-08-07,"winter",23.641,23.785,23.833,23.881,23.665,23.4636845228571,23.6404047628571,23.6777559528571,23.7115357142857,23.4743214285714,0.193,0.144,0.192,0.192,0.168,0.055255123,0.039707627,0.059598658,0.059344243,0.041819488
"170",2020-08-08,"winter",23.665,23.737,23.978,24.002,23.641,23.4612559514286,23.6034761914286,23.6366547628571,23.6707321428571,23.4754642857143,0.193,0.337,0.409,0.385,0.169,0.061292938,0.085836506,0.125747043,0.120743162,0.043665208
"171",2020-08-09,"winter",23.641,23.665,23.713,23.737,23.593,23.4608095228571,23.5551130957143,23.5844107157143,23.61904762,23.4642619042857,0.169,0.409,0.409,0.385,0.145,0.044659562,0.112800252,0.109202246,0.108519275,0.038284192
"172",2020-08-10,"winter",23.472,23.641,23.545,23.569,23.424,23.4183869042857,23.5226190485714,23.53632143,23.5699821442857,23.4185476185714,0.168,0.481,0.337,0.313,0.096,0.037615908,0.127939857,0.126432939,0.123336225,0.027103666
"173",2020-08-11,"winter",23.376,23.593,23.569,23.593,23.376,23.3940119042857,23.49732143,23.5197440485714,23.5531250014286,23.3857202371429,0.168,0.241,0.265,0.241,0.144,0.041556666,0.064462325,0.072093224,0.067830231,0.041152949
"174",2020-08-12,"winter",23.352,23.641,23.641,23.689,23.4,23.3670178571429,23.4815357157143,23.4862857142857,23.5189404771429,23.3590119042857,0.096,0.529,0.409,0.433,0.192,0.030423103,0.1556987,0.120763873,0.123750794,0.051966544
"175",2020-08-13,"winter",23.376,23.665,23.569,23.593,23.328,23.3384940485714,23.4885595257143,23.4962857142857,23.5273928571429,23.3347619042857,0.192,0.433,0.217,0.193,0.192,0.063267548,0.116280762,0.052387284,0.051945345,0.058894157
"176",2020-08-14,"winter",23.545,23.617,23.881,23.905,23.545,23.3450833342857,23.4818154771429,23.5204940471429,23.5510357142857,23.3441071428571,0.313,0.193,0.409,0.408,0.289,0.092798832,0.047986336,0.145248955,0.146581925,0.100049109
"177",2020-08-15,"winter",23.472,23.641,23.593,23.617,23.424,23.37014881,23.4757857157143,23.5442857128571,23.5736785714286,23.3769642857143,0.168,0.289,0.121,0.12,0.12,0.052951167,0.103236713,0.036503102,0.035149371,0.033694278
"178",2020-08-16,"winter",23.545,23.617,23.809,23.833,23.521,23.3802916671429,23.4754821442857,23.5673452371429,23.59560119,23.4027380957143,0.337,0.241,0.505,0.505,0.289,0.126954795,0.068491814,0.143434578,0.139041901,0.101159501
"179",2020-08-17,"winter",23.569,23.569,23.641,23.665,23.569,23.4113571428571,23.4753154771429,23.5938333314286,23.6212142842857,23.43667262,0.289,0.265,0.217,0.217,0.217,0.071608423,0.082110565,0.06196329,0.062299752,0.080682371
"180",2020-08-18,"winter",23.545,23.569,23.809,23.833,23.593,23.4288392857143,23.4666845242857,23.5913988085714,23.6197857128571,23.4644880971429,0.169,0.289,0.385,0.361,0.096,0.055277151,0.087807338,0.1152214,0.112145601,0.023383383
"181",2020-08-19,"winter",23.424,23.569,23.857,23.881,23.665,23.4445,23.45739881,23.6018095228571,23.6300654742857,23.4848750014286,0.096,0.313,0.385,0.384,0.241,0.031385402,0.099975069,0.101084088,0.099564268,0.060816843
"182",2020-08-20,"winter",23.689,23.689,23.881,23.905,23.617,23.46282738,23.4515119042857,23.6140119042857,23.6432440457143,23.5101369057143,0.385,0.385,0.433,0.433,0.217,0.127341369,0.114259359,0.146569368,0.140584642,0.05850305
"183",2020-08-21,"winter",23.569,23.689,23.761,23.785,23.617,23.4645297614286,23.4601190471429,23.62575,23.6559642842857,23.5148690485714,0.121,0.433,0.313,0.288,0.169,0.038743279,0.118363846,0.080502183,0.074556078,0.046223386
"184",2020-08-22,"winter",23.617,23.641,23.833,23.833,23.593,23.4629583328571,23.47145238,23.6340654771429,23.6648452371429,23.5110892871429,0.217,0.409,0.409,0.361,0.217,0.05597112,0.122115739,0.107584412,0.103764147,0.058437986
"185",2020-08-23,"winter",23.545,23.689,23.905,23.881,23.569,23.4885238085714,23.4926607142857,23.6623809528571,23.69357738,23.5306011914286,0.193,0.457,0.481,0.433,0.097,0.044284571,0.135806341,0.114463177,0.10623742,0.024426428
"186",2020-08-24,"winter",23.497,23.689,23.713,23.737,23.545,23.5194821428571,23.4995773814286,23.70907143,23.7404047614286,23.5663809528571,0.145,0.361,0.216,0.192,0.121,0.043503602,0.085567627,0.059414535,0.057920485,0.033561079
"187",2020-08-25,"winter",23.569,23.809,23.93,23.954,23.617,23.56870238,23.5082916671429,23.7563392871429,23.7876726185714,23.6114226185714,0.217,0.529,0.433,0.433,0.169,0.076342466,0.147587502,0.099951501,0.103315675,0.05779046
"188",2020-08-26,"winter",23.641,23.737,24.026,24.074,23.713,23.5872857128571,23.5300833328571,23.8008630971429,23.8323333328571,23.6588035714286,0.169,0.289,0.337,0.337,0.168,0.042490387,0.085041667,0.08062706,0.078731416,0.058894157
"189",2020-08-27,"winter",23.978,23.665,24.098,24.122,23.881,23.5484880942857,23.5584583328571,23.8571369057143,23.8884821428571,23.6282380957143,0.481,0.313,0.289,0.289,0.24,0.184295053,0.082469483,0.085417983,0.085084229,0.086382365
"190",2020-08-28,"winter",24.002,23.809,24.243,24.267,24.05,23.54827976,23.5788035714286,23.8992142871429,23.9301547614286,23.63797619,0.265,0.577,0.506,0.506,0.289,0.066939893,0.172578149,0.151777864,0.150763942,0.085938289
"191",2020-08-29,"winter",23.857,23.737,24.219,24.243,24.098,23.5668809514286,23.594,23.9140654771429,23.94572619,23.6574702371429,0.553,0.289,0.41,0.41,0.505,0.183651958,0.076306293,0.114392535,0.118114505,0.15036472
"192",2020-08-30,"winter",23.376,23.857,24.363,24.363,23.448,23.5553928571429,23.597875,23.8927619057143,23.9251369042857,23.6524642842857,0.24,0.385,0.578,0.554,0.264,0.079415254,0.12298762,0.172816985,0.171131274,0.075563967
"193",2020-08-31,"winter",23.641,23.785,24.315,24.339,23.641,23.5247440471429,23.5964345228571,23.8400892857143,23.8733154757143,23.6268928557143,0.505,0.264,0.554,0.554,0.265,0.188256743,0.080530847,0.123370062,0.125743175,0.107824527
"194",2020-09-01,"winter",23.881,23.737,23.881,23.93,23.833,23.47552381,23.5449345228571,23.7506904757143,23.7834821428571,23.5628690471429,0.433,0.216,0.192,0.217,0.288,0.145773698,0.056534714,0.06356373,0.071660722,0.081618412
"195",2020-09-02,"winter",23.521,23.737,23.809,23.833,23.689,23.4381369057143,23.54310119,23.6426190471429,23.6759702385714,23.4889583328571,0.241,0.313,0.264,0.24,0.241,0.062577242,0.088231374,0.062370562,0.060871925,0.073282941
"196",2020-09-03,"winter",23.569,23.617,23.713,23.737,23.641,23.4375654771429,23.6282559528571,23.6082916671429,23.64192262,23.4809583328571,0.193,0.337,0.265,0.24,0.144,0.056801571,0.079577405,0.064935071,0.062093898,0.035327043
"197",2020-09-04,"winter",23.569,23.352,23.448,23.497,23.497,23.4193690485714,23.6908690485714,23.6348333328571,23.6673095257143,23.4760773814286,0.145,0.312,0.24,0.241,0.169,0.038743279,0.094283569,0.069093509,0.066068791,0.036054885
"198",2020-09-05,"winter",23.472,24.267,23.304,23.328,23.4,23.4175535714286,23.73107143,23.679875,23.7110773828571,23.4733571428571,0.192,1.419,0.336,0.336,0.192,0.05675577,0.506158363,0.092003781,0.087914979,0.041556666
"199",2020-09-06,"winter",23.28,24.726,24.508,24.532,23.352,23.4079047614286,23.83327381,23.7775119042857,23.8070119071429,23.4719107142857,0.168,0.941,1.324,1.324,0.168,0.048130258,0.238697276,0.480070736,0.477568449,0.048861828
"200",2020-09-07,"winter",23.617,24.532,24.219,24.267,23.905,23.3734047614286,23.9615535728571,23.8970595242857,23.9257083357143,23.4644226185714,0.529,0.843,0.338,0.362,0.697,0.178653655,0.255209459,0.084221069,0.088206239,0.239696725
"201",2020-09-08,"winter",23.761,24.171,24.605,24.629,23.809,23.4272440471429,24.1353392871429,24.0573392857143,24.0861488114286,23.5617499985714,0.289,0.506,0.868,0.844,0.337,0.079157784,0.140792761,0.255372103,0.25462742,0.102987327
"202",2020-09-09,"winter",23.472,24.484,24.557,24.581,23.905,23.5452083328571,24.2511130971429,24.2596071428571,24.2880119071429,23.6865654742857,0.192,0.313,0.579,0.603,0.505,0.051269111,0.100516348,0.139725812,0.144416661,0.120892934
"203",2020-09-10,"winter",23.833,24.677,24.532,24.557,24.171,23.6573035714286,24.2719047628571,24.3602797614286,24.3886845257143,23.8002678557143,0.745,0.362,0.241,0.242,1.011,0.199244074,0.08877165,0.065852258,0.06952967,0.359593117
"204",2020-09-11,"winter",24.074,24.484,24.653,24.677,24.46,23.7294464285714,24.3260178571429,24.37664881,24.4058988114286,23.8399464271429,0.409,0.169,0.386,0.362,0.747,0.130762618,0.052069352,0.115149611,0.110904311,0.225668026
"205",2020-09-12,"winter",24.291,24.532,24.968,24.992,24.388,23.66617262,24.3937440471429,24.395125,24.4248392871429,23.7856845228571,0.337,0.265,0.508,0.532,0.483,0.099900059,0.076769547,0.108055667,0.105252689,0.129659245
"206",2020-09-13,"winter",24.219,24.508,24.702,24.726,24.146,23.7497083342857,24.3848273814286,24.3789107142857,24.4096190485714,23.8465416657143,0.338,0.313,0.339,0.338,0.241,0.11253006,0.077901229,0.093535508,0.098392211,0.076477287
"207",2020-09-14,"winter",24.05,24.702,24.339,24.363,24.05,23.86439881,24.3081130957143,24.3470595228571,24.3783333342857,23.9177321428571,0.578,0.483,0.265,0.265,0.626,0.149982022,0.107577643,0.072251323,0.071482997,0.200658585
"208",2020-09-15,"winter",23.641,24.484,24.412,24.436,23.905,23.8702678571429,24.2035833342857,24.3048630942857,24.3365535728571,23.8989285714286,0.697,0.313,0.386,0.386,0.817,0.163524358,0.071958321,0.128732892,0.121763134,0.23418746
"209",2020-09-16,"winter",24.195,24.388,24.315,24.339,24.195,23.8206369042857,24.0795833342857,24.2482857128571,24.2803928585714,23.8594761914286,0.506,0.338,0.193,0.168,0.41,0.174111221,0.087837754,0.053529739,0.048130258,0.126934652
"210",2020-09-17,"winter",24.122,24.315,24.339,24.363,24.171,23.80947619,23.9511547628571,24.2173988085714,24.2496369057143,23.847875,0.241,1.203,0.313,0.289,0.266,0.069023927,0.332310183,0.077483051,0.074481578,0.067756544
"211",2020-09-18,"winter",24.098,23.905,24.339,24.363,24.195,23.7994464285714,23.8294166685714,24.21252976,24.2444940485714,23.8448333328571,0.337,0.601,0.409,0.385,0.386,0.092773216,0.174172074,0.128199884,0.122363204,0.115849407
"212",2020-09-19,"winter",24.002,23.881,24.291,24.315,24.098,23.9161071428571,23.7400773828571,24.2274583314286,24.2595416671429,23.9361607142857,0.313,0.745,0.217,0.193,0.337,0.096952999,0.262613119,0.050995027,0.047793866,0.092526837
"213",2020-09-20,"winter",24.05,23.93,24.629,24.677,24.146,23.9119642857143,23.6454642871429,24.23102976,24.2635535714286,23.94289881,0.265,0.818,0.675,0.675,0.409,0.058261763,0.256919192,0.18033073,0.176229326,0.106851168
"214",2020-09-21,"winter",23.905,24.171,24.581,24.605,23.905,23.8993452385714,23.5847261914286,24.2228392842857,24.2563928571429,23.9470654757143,0.288,1.035,0.651,0.651,0.288,0.080167217,0.29007569,0.17324892,0.176302585,0.084334737
"215",2020-09-22,"winter",24.267,24.171,24.532,24.557,24.122,23.8821428571429,23.5652797628571,24.1978749985714,24.2301369042857,23.92785119,0.578,1.059,0.386,0.362,0.361,0.182048887,0.27691881,0.094457864,0.087730648,0.102712311
"216",2020-09-23,"winter",24.171,23.857,24.508,24.532,24.243,23.8402202385714,23.5651428571429,24.1549583328571,24.18635119,23.8985178557143,0.41,0.769,0.723,0.747,0.458,0.104552566,0.226291042,0.165911574,0.16303505,0.125197583
"217",2020-09-24,"winter",24.171,23.881,24.484,24.436,24.243,23.8249226185714,23.5506845242857,24.1057499985714,24.1367321428571,23.8887678557143,0.386,0.913,0.675,0.603,0.338,0.121194709,0.262255601,0.156636383,0.135198485,0.09966331
"218",2020-09-25,"winter",23.954,23.809,24.388,24.412,23.978,23.8346369042857,23.5157321428571,24.0776190471429,24.10975,23.9035178557143,0.385,0.697,0.699,0.699,0.361,0.102747016,0.19213733,0.206585842,0.204530494,0.108127533
"219",2020-09-26,"winter",23.689,23.713,24.219,24.267,24.05,23.8153988085714,23.457,24.0475119042857,24.0799404771429,23.9214464271429,0.289,0.385,0.602,0.554,0.553,0.086595668,0.10597166,0.16540278,0.164512433,0.181002517
"220",2020-09-27,"winter",24.05,23.761,24.339,24.363,24.002,23.7794345228571,23.4238154757143,24.026875,24.0591488114286,23.8790238085714,0.481,0.649,0.674,0.674,0.193,0.16891855,0.185100869,0.206390495,0.21221856,0.05771593
"221",2020-09-28,"winter",23.881,23.593,24.557,24.581,23.954,23.7527797614286,23.44557738,24.0118392857143,24.0419345257143,23.8611071428571,0.192,0.433,0.844,0.844,0.145,0.061485947,0.122683846,0.214203462,0.215736046,0.051862905
"222",2020-09-29,"winter",23.905,23.448,24.629,24.605,24.291,23.8031369042857,23.4261249985714,24.0148571428571,24.04497024,23.8913571428571,0.192,0.24,1.012,0.988,0.554,0.048936516,0.066570656,0.218958168,0.221609854,0.175450951
"223",2020-09-30,"winter",23.905,23.641,24.726,24.774,24.002,23.9175416657143,23.3733392842857,24.06122619,24.0910654771429,23.9637380957143,0.336,0.505,0.989,1.013,0.385,0.087229831,0.159245686,0.301374677,0.307192898,0.095190189
"224",2020-10-01,"winter",23.954,23.978,24.629,24.653,24.388,23.9301488085714,23.3827857128571,24.02514881,24.0534047628571,23.9540297628571,0.361,0.698,0.964,0.964,0.771,0.077453761,0.183648925,0.230908649,0.231633941,0.208396709
"225",2020-10-02,"winter",24.532,23.809,24.702,24.702,24.388,23.86747619,23.4676964271429,23.9652916671429,23.9921011914286,23.8884583342857,0.795,1.009,1.061,1.061,0.603,0.261426009,0.273875091,0.285836603,0.287889519,0.168372382
"226",2020-10-03,"winter",24.847,23.472,24.726,24.75,24.557,23.7992380942857,23.5767261885714,23.9232559528571,23.94902381,23.7792083342857,1.014,0.719,0.989,1.061,0.868,0.250779564,0.246920673,0.289176943,0.297857117,0.215216436
"227",2020-10-04,"winter",24.557,23.833,24.363,24.388,24.339,23.77835119,23.6775595228571,23.9060297628571,23.9308035714286,23.7573214285714,1.157,0.961,1.179,1.204,0.891,0.332440054,0.272289328,0.295628068,0.293415466,0.251474608
"228",2020-10-05,"winter",23.593,24.171,23.809,23.833,23.713,23.7830119042857,23.7549583328571,23.8951011914286,23.9196071428571,23.7313809514286,0.505,0.41,0.457,0.433,0.601,0.1578578,0.128831812,0.093993948,0.090817982,0.163526424
"229",2020-10-06,"winter",23.809,24.267,24.074,24.122,23.593,23.7815714285714,23.8890892857143,23.9345416685714,23.9596130957143,23.7382857142857,0.793,0.386,0.481,0.481,0.529,0.275803753,0.089088612,0.116061945,0.116242742,0.163698999
"230",2020-10-07,"winter",23.689,24.243,24.267,24.291,24.026,23.7642023814286,24.0409464285714,23.9533154785714,23.9785297628571,23.7371369042857,0.385,0.458,0.578,0.578,0.77,0.105789775,0.135620207,0.174883046,0.177661867,0.201791254
"231",2020-10-08,"winter",24.557,24.484,24.315,24.363,24.074,23.8129583342857,24.1632619042857,24.0413392871429,24.0675535728571,23.7768392857143,1.085,0.843,0.602,0.626,0.794,0.36595838,0.227998439,0.137878097,0.14442188,0.176528337
"232",2020-10-09,"winter",24.484,24.629,24.532,24.557,24.629,23.8700654771429,24.2164047614286,24.1675059528571,24.1944583342857,23.8240952385714,0.603,0.531,0.675,0.652,0.82,0.186974772,0.164272286,0.13493331,0.131211965,0.206359222
"233",2020-10-10,"winter",25.137,24.798,24.774,24.798,24.992,23.9511309542857,24.2794702385714,24.2894285714286,24.3161190485714,23.9424285714286,1.352,1.253,0.748,0.772,1.255,0.34915467,0.35020105,0.21329382,0.215040138,0.262026827
"234",2020-10-11,"winter",24.581,24.968,24.726,24.774,24.46,24.0781904771429,24.37747619,24.41475,24.4429047628571,24.0658214285714,0.748,1.664,0.796,0.844,0.699,0.213930505,0.440204051,0.252386518,0.260930522,0.19750199
"235",2020-10-12,"winter",23.954,24.702,24.895,24.871,23.978,24.1840773814286,24.5017202371429,24.5354523814286,24.5653392871429,24.1664285714286,0.457,1.157,0.773,0.676,0.53,0.112847138,0.362929483,0.190762524,0.184650846,0.135995677
"236",2020-10-13,"winter",24.605,24.823,25.065,25.089,24.774,24.2249702385714,24.5793392842857,24.60997619,24.6394404771429,24.20820238,1.253,0.99,0.846,0.87,1.253,0.342986751,0.25091375,0.239918993,0.254120008,0.359913154
"237",2020-10-14,"winter",24.992,25.234,25.477,25.623,25.21,24.2440059528571,24.6670595228571,24.6378690471429,24.6669047628571,24.23332738,1.087,1.353,0.896,0.994,1.329,0.310433075,0.355754309,0.203603978,0.212738664,0.458284221
"238",2020-10-15,"winter",25.186,25.307,25.089,25.113,24.992,24.2571904771429,24.7474107142857,24.7002321428571,24.7304583342857,24.2677738085714,1.064,0.799,0.774,0.798,1.279,0.318593282,0.206006472,0.198352709,0.20385415,0.379636287
"239",2020-10-16,"winter",24.677,25.38,25.331,25.38,24.774,24.2894464285714,24.854625,24.7044285714286,24.7343571442857,24.3234107128571,0.434,2.364,1.305,1.33,0.748,0.116641871,0.544729869,0.368717222,0.366670011,0.223617974
"240",2020-10-17,"winter",24.508,25.404,25.065,25.089,24.798,24.2691904757143,24.9416190471429,24.7040654771429,24.73384524,24.30057738,0.289,1.715,0.967,0.943,0.796,0.068798264,0.467740295,0.241748822,0.242242108,0.226742811
"241",2020-10-18,"winter",24.653,25.428,24.895,24.944,24.726,24.2316964285714,25.0159404757143,24.7062083342857,24.7362738114286,24.3051666657143,0.579,0.944,0.435,0.387,0.7,0.151510504,0.223917622,0.133070838,0.122581177,0.186014254
"242",2020-10-19,"winter",24.219,25.695,24.871,24.895,24.46,24.16135119,25.0463452385714,24.7276607142857,24.7587440485714,24.3005654757143,0.578,1.669,1.038,1.038,0.699,0.168090469,0.323083555,0.259995983,0.264032933,0.199930858
"243",2020-10-20,"winter",23.905,25.404,25.647,25.695,24.532,24.132375,25.1049107142857,24.7763571428571,24.8096130957143,24.2930952385714,0.36,0.92,1.597,1.621,1.035,0.083132163,0.233554167,0.512197268,0.522381808,0.251342944
"244",2020-10-21,"winter",24.774,25.404,25.234,25.283,25.186,24.0890595242857,25.19875,24.8561309514286,24.89125,24.2709761914286,1.061,0.436,0.726,0.751,1.281,0.304963612,0.103517266,0.209916892,0.216385526,0.405809923
"245",2020-10-22,"winter",24.75,25.477,25.283,25.331,24.992,24.0190714285714,25.2740357142857,24.9113333328571,24.9462916657143,24.2238809528571,1.374,0.533,0.678,0.654,1.159,0.411753406,0.163037917,0.187237739,0.182369424,0.380928421
"246",2020-10-23,"winter",24.557,25.623,25.428,25.477,24.702,24.0868214285714,25.3243690471429,25.0194880957143,25.0551845228571,24.3206845242857,0.627,0.752,1.161,1.065,0.507,0.202244131,0.200752818,0.280619488,0.273502004,0.155803923
"247",2020-10-24,"winter",24.243,25.866,25.234,25.258,24.436,24.2945476185714,25.3640535714286,25.1184583328571,25.1557499985714,24.48875,0.41,0.729,0.363,0.435,0.386,0.106205161,0.227857316,0.099463743,0.101878009,0.112207228
"248",2020-10-25,"winter",24.195,25.647,25.501,25.525,24.363,24.4106190471429,25.3655416671429,25.2147202371429,25.2504226171429,24.5804166671429,0.554,0.752,1.017,1.065,0.602,0.150870175,0.171528085,0.249895572,0.26454834,0.157208892
"249",2020-10-26,"winter",25.258,25.574,25.453,25.477,25.331,24.4751964285714,25.3419642857143,25.2333154757143,25.26730357,24.6202142857143,1.641,0.461,0.364,0.364,1.426,0.658598969,0.126331166,0.111384949,0.105145853,0.522503282
"250",2020-10-27,"winter",25.38,25.647,26.207,26.256,25.38,24.3541309514286,25.3303095242857,25.1625833328571,25.1949821414286,24.4802321428571,0.364,0.364,1.239,1.216,0.63,0.135163642,0.11447761,0.337156481,0.33708705,0.167601056
"251",2020-10-28,"winter",25.428,25.525,25.866,25.914,25.38,24.2716071414286,25.1968273814286,25.0800773814286,25.1117619042857,24.4341130957143,1.016,1.162,0.559,0.583,0.461,0.345202556,0.296291031,0.208451642,0.20923795,0.124706547
"252",2020-10-29,"winter",24.847,25.647,25.574,25.598,25.016,24.3261011885714,25.0666904757143,24.98175,25.01297619,24.4687202385714,0.652,1.766,0.945,0.993,0.773,0.219069376,0.455421956,0.229141308,0.232282589,0.2268287
"253",2020-10-30,"winter",24.195,25.501,25.065,25.089,23.93,24.32452976,24.9167023814286,24.8577678571429,24.8888214271429,24.4223095242857,1.49,0.896,1.039,1.039,1.106,0.418910697,0.289358107,0.284949725,0.2866556,0.361525028
"254",2020-10-31,"winter",24.339,24.702,24.798,24.847,24.484,24.1753154742857,24.7739107142857,24.7039345242857,24.7342499985714,24.29727381,1.658,0.266,0.435,0.459,1.636,0.729865443,0.067632519,0.121620929,0.128739598,0.509357522
"255",2020-11-01,"winter",24.605,24.629,24.629,24.653,24.653,24.0417261885714,24.6658392857143,24.5338869057143,24.5652202371429,24.1465357142857,0.748,0.266,0.458,0.434,0.868,0.210802126,0.064097737,0.131810243,0.131018578,0.283214362
"256",2020-11-02,"winter",24.798,24.629,24.581,24.605,24.726,23.99088095,24.57610119,24.4575654771429,24.4877142842857,24.0864464285714,0.844,0.483,0.41,0.386,0.459,0.237234046,0.140793089,0.108638878,0.102754447,0.109504516
"257",2020-11-03,"winter",24.46,24.605,24.388,24.412,24.557,24.1183749985714,24.48172619,24.45192262,24.4802083328571,24.2233988085714,0.506,0.627,0.242,0.241,0.7,0.142658887,0.120916181,0.058956874,0.062289864,0.171440017
"258",2020-11-04,"winter",24.243,24.653,24.702,24.726,24.195,24.2231249985714,24.5036130942857,24.5130833342857,24.54067857,24.2815833314286,0.313,0.603,0.556,0.555,0.362,0.088029794,0.122040554,0.192802595,0.192887442,0.118299538
"259",2020-11-05,"winter",24.484,24.653,24.847,24.871,24.508,24.2464047614286,24.5637976185714,24.6342261914286,24.6616845228571,24.30900595,0.747,0.458,0.676,0.676,0.458,0.242032142,0.103350177,0.17410373,0.176374519,0.172645381
"260",2020-11-06,"winter",24.412,24.823,25.04,25.089,24.484,24.2086369042857,24.6723869042857,24.8057261914286,24.8335357142857,24.2993749971429,0.627,0.652,0.628,0.653,0.41,0.126710185,0.166868863,0.15488719,0.154877418,0.092776018
"261",2020-11-07,"winter",24.508,25.137,25.186,25.234,24.484,24.2017559528571,24.8232857142857,25.0157678585714,25.04475,24.3344166642857,0.603,0.701,0.46,0.484,0.338,0.192165746,0.191521293,0.137576435,0.142764165,0.117857566
"262",2020-11-08,"winter",24.508,25.38,25.623,25.671,24.557,24.3125297628571,24.9398571428571,25.2001250014286,25.2292559528571,24.4976428557143,0.362,0.775,0.8,0.848,0.169,0.089689793,0.221762701,0.23974104,0.246886702,0.050662495
"263",2020-11-09,"winter",24.363,25.793,25.963,26.012,24.508,24.5235654771429,25.0885595242857,25.3535833342857,25.3846190485714,24.7011249985714,0.433,1.091,0.608,0.632,0.337,0.112380363,0.313105853,0.170487961,0.17327828,0.092336656
"264",2020-11-10,"winter",24.484,25.939,26.061,26.109,24.944,24.7225892857143,25.2365,25.5100892871429,25.5437261914286,24.8911964271429,0.771,0.85,0.511,0.511,0.677,0.18808946,0.21570686,0.153582574,0.156458583,0.221180561
"265",2020-11-11,"winter",25.598,25.623,25.963,25.987,25.939,24.9380357142857,25.3386071428571,25.6063690485714,25.6420297628571,25.0629404757143,1.476,0.897,0.462,0.462,1.382,0.568795599,0.198606408,0.145671658,0.13425057,0.515541166
"266",2020-11-12,"winter",25.866,25.72,26.085,26.109,25.939,25.1335416657143,25.3189226185714,25.5835654771429,25.61882143,25.24072619,0.462,0.704,0.827,0.802,0.414,0.116144088,0.219077972,0.238045571,0.228879656,0.124875235
"267",2020-11-13,"winter",26.182,25.841,25.793,25.817,25.866,25.1530238085714,25.3333154757143,25.4893333342857,25.5242678585714,25.2450357142857,1.142,0.849,0.17,0.146,0.462,0.276220913,0.228363348,0.04515962,0.045174942,0.102723978
"268",2020-11-14,"winter",26.085,25.768,25.72,25.744,25.72,25.2045952371429,25.2970416657143,25.4024702385714,25.43729762,25.27325,0.73,1.67,0.195,0.146,0.51,0.203597282,0.395425024,0.056116194,0.048067811,0.176598532
"269",2020-11-15,"winter",26.012,25.307,25.55,25.574,25.914,25.2181666657143,25.2775297614286,25.3341369042857,25.36967262,25.2313630942857,0.559,1.642,1.042,1.017,0.68,0.177077155,0.403094927,0.308584461,0.310078809,0.172838682
"270",2020-11-16,"winter",25.428,25.477,25.283,25.307,25.137,25.1178333328571,25.2300357142857,25.2768928571429,25.3128511914286,25.1072440471429,1.835,0.582,0.751,0.75,1.183,0.58747151,0.190673843,0.216956213,0.224432614,0.231914152
"271",2020-11-17,"winter",24.895,25.477,25.258,25.283,25.016,25.0096904757143,25.1713869057143,25.2192380957143,25.2540416671429,25.0001785714286,1.014,0.412,0.363,0.364,0.87,0.323491673,0.107018588,0.097623612,0.099862369,0.296458028
"272",2020-11-18,"winter",25.089,25.331,25.307,25.355,25.089,24.9134940471429,25.1241785728571,25.2000178571429,25.2324940485714,24.9330476185714,0.266,0.242,0.339,0.339,0.363,0.095157069,0.077882285,0.099687192,0.098913518,0.106082788
"273",2020-11-19,"winter",25.065,25.355,25.355,25.38,25.016,24.8368869042857,25.1291607157143,25.2321785714286,25.2659642857143,24.84985119,0.315,0.895,0.266,0.243,0.314,0.090069538,0.181659241,0.086476561,0.085391076,0.093522754
"274",2020-11-20,"winter",25.04,25.453,25.574,25.574,25.137,24.91660119,25.1745357157143,25.3068154757143,25.3416309514286,24.8892976185714,0.508,0.461,0.461,0.461,0.556,0.1647327,0.106819221,0.145936531,0.142590398,0.196681877
"275",2020-11-21,"winter",25.355,25.453,25.841,25.914,25.307,24.9319821414286,25.21022024,25.3799107142857,25.4121130942857,24.90647619,0.605,1.017,0.558,0.631,0.581,0.210454167,0.319618701,0.14245668,0.150505019,0.179600478
"276",2020-11-22,"winter",25.307,25.307,25.793,25.817,25.307,24.9391964271429,25.2382440485714,25.44,25.4710654742857,24.9508630957143,0.17,0.823,1.14,1.043,0.533,0.052388944,0.225809831,0.274727345,0.273783581,0.140931985
"277",2020-11-23,"winter",25.089,25.963,26.085,26.134,25.04,24.99342857,25.28225,25.4888392857143,25.5187499985714,25.03625,0.629,0.753,1.238,1.19,1.014,0.164087706,0.210501984,0.386969721,0.377327672,0.295436201
"278",2020-11-24,"winter",25.234,25.866,25.793,25.817,25.501,25.0140714271429,25.3277380942857,25.5381369042857,25.56630357,25.07097619,1.063,0.486,0.268,0.267,1.379,0.250879655,0.089194696,0.072915029,0.070400704,0.516976403
"279",2020-11-25,"winter",25.38,25.574,25.914,25.963,25.428,25.02590476,25.4256666657143,25.5893630957143,25.6171249985714,25.1052916657143,0.799,0.485,0.534,0.559,0.654,0.217709116,0.106578193,0.153201197,0.155913484,0.166922653
"280",2020-11-26,"winter",25.623,25.55,25.817,25.866,25.695,25.0189940457143,25.5562976185714,25.6156607142857,25.6419583328571,25.1236130942857,0.583,0.195,0.607,0.632,0.63,0.181070323,0.061174717,0.120223456,0.121806303,0.188041778
"281",2020-11-27,"winter",25.404,25.671,25.939,25.963,25.477,25.0718988085714,25.5771249985714,25.6163690471429,25.6402083328571,25.18597619,0.847,0.437,0.559,0.535,0.8,0.252012408,0.118997435,0.179904564,0.177851749,0.186312189
"282",2020-11-28,"winter",25.525,26.061,26.695,26.72,25.525,25.1645238085714,25.62240476,25.6071904757143,25.6317321428571,25.2415238085714,0.727,0.584,1.291,1.292,0.533,0.213725274,0.171982004,0.301379533,0.309099815,0.148720534
"283",2020-11-29,"winter",25.331,26.182,25.987,25.987,25.453,25.2277499985714,25.66870238,25.6170535714286,25.6413035714286,25.2596071414286,0.46,0.827,0.898,0.898,0.485,0.130074052,0.185131446,0.244528113,0.250386079,0.142446017
"284",2020-11-30,"summer",25.404,25.914,26.28,26.304,25.453,25.29340476,25.6876130942857,25.6391190471429,25.6638214285714,25.3026964271429,0.46,1.285,1.578,1.578,0.63,0.144660597,0.278349431,0.385395503,0.381211453,0.15066019
"285",2020-12-01,"summer",25.817,26.061,26.231,26.256,25.598,25.4034761885714,25.7167619042857,25.6550714285714,25.68110119,25.38547619,1.019,0.851,1.215,1.191,0.848,0.211112165,0.225516991,0.400329719,0.395153939,0.208204592
"286",2020-12-02,"summer",26.158,26.036,26.085,26.109,26.012,25.5385892842857,25.7267976185714,25.6923452371429,25.7183809514286,25.4861726185714,1.384,1.504,0.996,1.02,1.214,0.379891038,0.348942686,0.262984046,0.264285693,0.293133196
"287",2020-12-03,"summer",26.256,26.109,26.524,26.549,26.426,25.6507916657143,25.7469821428571,25.7611190471429,25.7864702371429,25.5866785714286,0.779,2.011,1.847,1.872,1.168,0.233986339,0.506395503,0.482835278,0.487136931,0.259172845
"288",2020-12-04,"summer",26.426,26.256,26.695,26.72,26.085,25.7153988085714,25.8486607142857,25.8386547614286,25.86360119,25.6739464285714,0.901,1.724,1.533,1.558,0.899,0.242155882,0.483763686,0.394113498,0.393133666,0.213973582
"289",2020-12-05,"summer",26.524,26.256,26.5,26.524,26.549,25.7896607142857,25.9409166671429,25.95382738,25.9802916657143,25.7655773814286,0.756,1.748,0.877,0.901,0.878,0.199376051,0.416135462,0.300982293,0.295229974,0.200443742
"290",2020-12-06,"summer",26.085,26.426,26.5,26.573,26.231,25.7617559528571,26.0197857142857,25.99035119,26.0179702371429,25.7533214285714,0.292,1.361,1.217,1.339,0.487,0.097162935,0.398579923,0.318526405,0.327717466,0.148155911
"291",2020-12-07,"summer",25.914,26.891,26.695,26.695,26.085,25.5914880957143,26.1895119057143,26.1158333328571,26.1437678557143,25.6054107142857,0.51,1.001,1.17,1.17,0.511,0.13105348,0.25460932,0.285103563,0.286924215,0.153115182
"292",2020-12-08,"summer",26.061,26.965,26.646,26.671,26.231,25.4121428585714,26.3284821442857,26.2234642842857,26.2527083328571,25.4919583328571,0.56,1.852,0.683,0.684,0.73,0.13048754,0.550153653,0.166646283,0.162140433,0.185336513
"293",2020-12-09,"summer",25.623,27.087,26.353,26.378,25.866,25.21782143,26.4067678585714,26.27747619,26.3081666671429,25.3406726185714,0.849,1.707,1.143,1.192,1.019,0.250813022,0.645105944,0.336113421,0.337159995,0.342751896
"294",2020-12-10,"summer",24.774,27.161,26.989,27.014,24.823,25.0922142871429,26.4757916671429,26.3264940471429,26.3580416671429,25.2328095228571,0.579,0.661,0.758,0.758,0.315,0.139781714,0.193818139,0.185521001,0.193292707,0.094348529
"295",2020-12-11,"summer",24.895,26.867,26.891,26.916,25.574,25.0400178585714,26.3860178585714,26.3386785714286,26.3726964285714,25.1722202371429,0.628,0.587,0.709,0.685,1.162,0.187115325,0.183766861,0.218613599,0.219971474,0.32501556
"296",2020-12-12,"summer",24.871,26.769,26.891,26.94,25.113,NA,NA,NA,NA,NA,0.435,0.538,0.562,0.587,0.436,0.134758177,0.116339201,0.164682479,0.173003812,0.139380767
"297",2020-12-13,"summer",25.21,26.818,26.475,26.5,25.501,NA,NA,NA,NA,NA,0.363,0.636,0.39,0.391,0.509,0.11286518,0.157769777,0.103195467,0.102829921,0.175868646
"298",2020-12-14,"summer",25.55,27.85,26.353,26.378,25.453,NA,NA,NA,NA,NA,0.534,4.786,0.925,0.901,0.267,0.150352478,0.921160311,0.240845612,0.243441535,0.064086841
